title,nick,dates,view
K리그2 플옵 부산이 이겼군요 ㅋㅋㅋㅋㅋㅋ ,예지이,15:52:37,0
[트와이스]진심으로 빡친 둡.gif ,GKangel,15:52:50,0
근데 일본한테 나중에 어떻게 할려고 저러는 거에요?? ,하늘구름별,15:52:23,16
이집트 아기 사자 미라.jpg ,송우기,15:52:30,89
페이커 테디 중국 행사중 ,bdab****,15:52:01,73
에바 그린의 고모 60년 전.jpg ,호금전,15:51:45,190
스타1) 프로토스 분들 테란전에 하템쓰면 자존심 상하나요? ,프로푸스,15:51:41,17
김승현은 해설하면서 ,인테로,15:51:36,41
일본 고등학생들이 노는법3.gif ,일기토,15:51:19,197
"[단독] 태사자 박준석 ""'슈가맨3' 출연, 멤버들과 함께 꿈같은 시간"" (인터뷰) [1]",sylove,15:51:07,192
전세계에서 해외출생 인구가 가장 많은 나라 순위.JPG [3],엠팍불펜,15:50:37,203
드라마 보는게 다 끝나버렸네요 [2],졸리로저,15:50:31,113
김승현의 헛소리 너무 코메디네요 ,어휴닭들아,15:50:30,91
20대들 지들 힘들다고 IMF깎아내리는거 역겹네요 [6],정욱,15:50:21,101
제가 당첨되본 복권 최고 금액.jpg [2],아니야그거,15:49:54,428
[ 프로토]엘지 전랜 오버 가능성없나요?? [7],인생의법칙,15:49:52,99
동일 학과 기준으로 서울대보다 높은 학과가 있나요??? ,너나잘하렴,15:49:35,37
아이즈원 공차 취향.jpg [2],편안한관절,15:49:24,246
강상재 부상? ,현우진,15:49:33,68
살인마 연기 후유증.jpg [12],이만희,15:49:08,"1,071"
"일본 맥주, 지난달 한국수출액 '0원'…20년 만에 처음 ",김상헌v9,15:49:01,100
쿠니모토야 J리그에서도 충분히 불러줄 실력이라 [1],RealGGolde,15:48:53,86
농구도 지식없는 꼰대 해설은 그만둬야 함 [4],shaquille,15:48:57,150
대한민국 역사상 최고의 과자...jpg [7],exhibition,15:48:36,770
[K리그] 인천이 경남 상대로 잘 싸우고 있네요.다행입니다. ,눈물이..,15:48:17,124
사내커플할때는 잘해줘야되나요?? [2],Giant,15:47:50,166
여배)인삼 대 흥국. . . 큰기대는 안하고 내려가는중 [3],헤이~*,15:47:27,128
배구) 지금 남자부 해설중 감독으로 누가 제일빨리갈까요?? [2],순수한사랑,15:47:15,55
무도가 사라지니까 내한스타들 홍보1번 프로그램은 런닝맨이네요.. [3],럭비,15:47:15,238
농구 그냥 농구대잔치로 돌아가길 [4],히미쓰,15:46:27,183
[배구] 삼화는 산탄젤로랑 박철우 같이 못쓰는 것부터 시즌 포기한거죠 [4],ZARD42,15:46:29,166
다음 사이트동영상 이렇게뜨는데 ,rUCE,15:45:54,62
지금 불펜.. PC로 해도 팝업창이 많이 뜨나요??? [5],메보조유리,15:45:51,159
kbl 국내농구 1:1 수비 달고 그런건 바라지도 않지만 [2],케빈쫀슨,15:45:49,166
25분밖에 못 뛰는 축구선수 [6],고급면봉,15:45:46,622
조국사태때 썰려나간 유저들 돌아오고있나보네요 ,서재응감독,15:45:33,214
신혼여행 가서 섹스 안하는경우도 있을까요? [12],행복한순간,15:45:28,917
오늘 손흥민 선수 안나오겠죠? [4],Or7lLions,15:45:26,298
즉석복권 진짜 1등이 존재할까요? [6],kjy6835,15:44:59,597
건대에서 한 잔......jpg [4],럭셔리Life,15:44:43,"1,141"
[KBL]김시래 진짜 못하는데 잘하는선수맞는가요 [2],snakeboss,15:44:39,242
마라톤이 지리는게... ,purpose19,15:44:34,112
제주는 다이렉트 강등된게 참. [1],자이언츠v,15:44:31,188
[배구] 애초에 박철우 말고 산탄젤로 계속 쓰지. [1],해등로,15:44:30,90
"배구,프로토) 삼화가 셧아웃시킬줄알고 언더간건데 ",우희힝,15:44:23,121
우담 세월호 관련 질문 [5],얼음눈꽃,15:44:12,224
강릉커피빵 vs 강릉커피콩빵 ,여름밤의꿀,15:44:12,120
라끼남 협찬상황 . jpg ,아이유,15:44:01,538
KBL) 김시래도 받는돈에 비하면 과대평가 맞죠? [3],샤킬오닐,15:43:53,196
삼화 산탄젤로 부상인가요? [2],칰글스,15:43:49,135
양준일은 시대보정하면 지디보다 낫네요 [1],의사양반,15:43:34,188
부모님이 자꾸 건강보조제 사오셔서  그만하시라고 하고 싶은데 방법이 없을까요? ,서태웅11,15:43:27,67
[KBL]2쿼 끝나가는데 27대26 ㅋㅋㅋ [3],퀸시현,15:43:25,214
[KBL] 오래쉬면 경기감각이 떨어지고 ,Ggool,15:43:22,63
태사자)박준석 얼굴 클라스 지렸네여.. [1],5억만들기,15:42:53,457
런닝머신 1시간에 보통 몇키로 뛰세요? [15],마테존,15:42:47,219
자동차 sd카드 업데이트 어케해요? [2],크로노스,15:42:45,124
정력에 엄청좋은 식품후기 [7],Pastell,15:42:51,773
[K리그] 쿠니모토 이적하겠죠? [5],아니야그거,15:42:38,219
성형외과 의사분 계십니까..? [2],왜LG팬했니,15:42:35,151
[배구] 백계중을 왜 쓴거지 [3],닭　,15:42:41,116
[배구] kb 오늘은 다르다 ㄷㄷ ,섭섭해,15:42:27,66
날씨가 정말 겨울 날씨 같지가 않네요. [3],겨울이싫다,15:42:25,335
요새 원체 걸그룹이 많아서 공중파 데뷔해도 얼마 못벌것 같기도 하네요 [1],ㅂㅎㄱㅎ,15:42:24,127
한국 교통법규 보면 웃기긴 하죠 [2],민이RF,15:42:25,128
요즘 상영관 영화 추천좀요 [5],스토리텔러,15:42:02,91
헬스장끼리 이전 제도가 다른데 이거 먹.튀각 맞는지 [3],그패봐봐,15:41:58,98
슈가맨에서 전 샤크라 보고싶던데 [2],RealGGolde,15:41:43,236
트와이스] 박진영이 다현을 데리고 온 이유 (영상) [6],goldcoin,15:41:34,344
원더걸스 예은(핫펠트)씨 한테 DM 이렇게 보내면 차단당할까요? [10],하위정,15:41:08,751
국내 남자농구 진짜 눈이썩네요 ㅋㅋㅋㅋ [3],하스스톤,15:40:42,385
응답시리즈 다시만들면   여주인공 아이유 어떤가요? [1],추사모,15:40:34,91
겨울왕국 페미는 진짜 귀여운 수준이에요. [2],jr리처드,15:40:18,320
문재인 대통령이 강남 부동산 제대로 잡았죠. [2],불펜합니다,15:40:08,210
딸 식당서 4천만원 '몰빵 결제'... 군수님의 눈물겨운 자식 사랑 [9],검사,15:39:53,"1,227"
KBL) 엘지는 답이없는팀이네요 [6],샤킬오닐,15:39:08,322
이번 일본외교사태는 아베가 문재인이 완전히 굴복시킨거죠 ,장연,15:39:06,110
일본 고등학생들이 노는법2.gif [8],일기토,15:38:59,"1,269"
"나경원 ""선거법 상정과 민식이법 맞바꾸자"" 제안 [11]",류뚱뚱뚱,15:38:53,689
크론병 확진을 기다리고 있습니다. [4],램팔,15:38:46,335
여의도 서궁 중국집 맛있나요?? [5],오징어연,15:38:25,222
( 아이즈원 프로미스 나인 ) 리더들에 관한 질문글입니다. [1],메보조유리,15:38:18,128
김태희 매니저 인스타에 댓글단 비 ㅋㅋㅋㅋ [17],winten,15:38:14,"1,838"
오늘 창원에 행사가 많네요 [1],스트롱베리,15:38:04,207
[스팀] 옥토패스 트래블러 한패 나왔길래 해보는데 잼있네요. [2],진지병,15:37:55,89
[트와이스]전 이런 목소리들이 왤케 좋은지 모르게쓰여 [3],너굴맨,15:37:45,104
오늘 부산  구덕 운동장 8500명 넘게  왔다네요 ,매과이어,15:37:36,240
불페너들 주장에 따르면 IMF에 피해본 세대가 없음 [9],정욱,15:37:16,220
가장 재밋게 본 사극은? [12],선도부장,15:37:08,242
Sk 통신사 쓰시는분 계신가요? [1],지으닝,15:37:01,153
자한당 지지하는 사람의 가치관이 궁금하긴 합니다. [39],ETF만들기,15:36:38,305
스피또 500 1000 2000중에 뭐사시나요?? [10],조상우,15:36:22,253
이소라의 처음느낌 그대로라는 노래 당시에 히트곡이었나요? [9],리다이브,15:36:13,257
아이유 팬사인회 눈빛.gif [9],[IU]이지은,15:36:06,"1,568"
미국 주지사면 왠만한 나라 대통령급인가요? [8],골든벨린져,15:36:02,342
독서모임 모집합니다! [3],꾸9꾸9,15:35:29,222
번호따서 연애까지 골인하기 힘든가요? [4],왓두유민,15:35:29,317
[K리그] 제리치 조기투입하네요 ,아니야그거,15:35:21,123
극대노한 박평식 평론가.jpg [5],진지병,15:35:13,"1,496"
삼성화재도 진짜 답없네요 [1],하이레딘,15:35:11,197
무신사는 이제 중견 기업정도 되는것같네요. [4],난앓아요,15:35:04,491
유튜브 인기가수 양준일 조롱하는게 아니었네요 ㅋㅋㅋ [2],소돼지개닭,15:34:36,560
[배구]1셋 삼화가 못땄으면 셧아웃각이었네요.. [2],최희섭,15:34:46,159
[썸바디2] 썸바디2 윤혜수 고화질 움짤 1장.GIF ,고민사랑,15:34:35,359
국농 꼬마팬 잠들었네요ㅋㅋㅋㅋㅋ [5],샤킬오닐,15:34:08,553
진삼8 스팀버전 6만 4천원짜리 할만한가요? [10],라벤더향,15:33:57,180
고백 후 상대의 대답 언제까지 기다리실 수 있나요? [2],하루욘지,15:33:52,120
kbl 전랜은 쇼터 교체컴토 해봐야될것 같은데 [3],Maguire,15:33:49,212
야구선수 다르빗슈 엄마 사진 jpg [5],레드잼플린,15:33:41,"1,703"
라식 / 라섹 하신분들 어떠세요? [18],우나리,15:33:53,297
Nba 포워드한테 피지컬 안밀리는 오타니 [2],Namyang,15:33:41,357
삼국지 태사자 이름빨인줄 알았는데 아니였군요 [5],쟈키쟈키,15:33:24,479
배구 오늘 김밥 연패끊을듯요 [1],감동이야1,15:33:12,144
[배구] 박상하 작전타임 대꾸할때 쎄했는데 ,해등로,15:32:59,186
모텔 당일취소 1시에 해달라하는건 절대 불가인가요? [1],제구왕범수,15:33:05,172
전에는 박진영 별로 좋게 안봤는데 [4],pm6:00,15:32:42,491
관자놀이에 주기적으로 생기는 여드름? 낭종? 같은거 제거하시나요? ,behelit,15:32:40,57
"요즘 방송, 광고보면 저출산 시대인 걸 뼈저리게 느낍니다. [4]",일진보,15:32:23,360
[KBL]오늘 전자랜드 이겼네요 ,로맥아더,15:31:50,178
달리기하면 정강이가 아픈데 에어 들어간 런닝화 사야되나요? [2],fastman,15:31:56,74
압구정에 살고 싶어 죽겠네요 [13],천만장자,15:31:20,"1,019"
피자 먹는 스님들.jpg [17],호금전,15:31:03,"2,636"
"제주변 남자, 여자 특징.txt [1]",스토리텔러,15:30:55,607
배구 권준형은 그냥 철우만 주네 ,인테로,15:30:55,57
만약에)데브라이너가 리버풀이었다면 ,삼계와꾸왕,15:30:42,79
"치킨 반마리 15,000원 .jpg [4]",삼성,15:30:42,"1,350"
근데 베트남도 스마트폰 만드네요 [2],아이패드,15:30:36,304
배구) 이걸 박진우가 ㅋㅋㅋㅋㅋㅋㅋㅋㅋㅋ [1],순수한사랑,15:30:30,117
출생 전 다운증후군 미리 알지 못하나요? [17],eunha,15:29:50,"1,220"
근데 정준영은 2016년도에 저지른 죄가 지금 밝혀진거죠? ,블랙핑두,15:29:37,168
지단이 독일 월드컵 우승했으면 역대 몇위 랭킹됐을까요? [4],187cm82kg,15:29:35,139
솔직히 음주 운전뿐만 아니라 횡단보도 관련해서 자동차 단속 심하게 하고 처벌 강도도 높여야 되는 거 아닌가요? ,리오넬메시,15:29:40,54
[nba] 현시점까지 best5는.. [11],오호리공원,15:29:22,590
나이키 추첨 처음해봤는데 꽝이네요.. [2],그리피jr24,15:29:08,250
횡단보도에서 반드시 일단 정지 후 출발이란 법은 없습니다. ,핵폭탄,15:28:51,136
미국에서 아시아인은 흑인보다 더 무시 당하나요? [17],좀맹구,15:27:51,595
8000원짜리 탕수육.JPG [11],koikokoro,15:27:53,"1,963"
헤이즈 이쁜얼굴 인가요? [10],fdygfjd,15:27:45,846
여자모델계 최고참 장윤주 워킹gif [2],Zanetti10,15:27:43,"1,171"
LG 그램은 오프매장 가면 항상 200만원대더군요 [3],behelit,15:27:20,522
[KBL] 파울기준이 빡센건가요 ㅋㅋ ,트박스,15:27:05,80
영화 역사상 최고의 엔딩중 하나 .gif [19],어린아재,15:26:48,"2,523"
kbl)경기력 나쁜게 훈련량이 적어서 그런게 아닌데 [39],집에가라가,15:26:17,408
이토렌트에 스피또 2등 당첨자 나왔나보네요 [3],인왕,15:26:14,603
혹시 딸이있다면 꿈을가지지말라고해주세요.jpg [4],이만희,15:26:04,936
"중국, 라면 수입 급증…한국산 압도적 1위 [5]",bedboy,15:26:00,812
[스포]겨울왕국 2 재밌게 봤습니다 [4],꿀꿀꿀,15:26:00,193
"요즘 카페나 독서실, 도서관 노트북 쓸 수 있나요? [5]",behelit,15:25:06,304
제가 본 기억나는 무개념 운전자들 ,눈시러,15:24:34,201
태사자 김형준이 하는건 쿠팡맨이 아니고 쿠팡플렉스에요 [5],스톤킹,15:24:29,"1,641"
인터넷에서 탈모드립 광풍 돌기 전에 이마 넓은분들 보면 이마 넓다고만 생각했었는데요 [3],E-SENS,15:24:18,160
근데 왜 배구는 계속 코트를 바꿔요? [2],링칠,15:24:12,298
부산에 미용실 추천해주실분 있나요 [1],유우,15:24:08,67
(프로토) 아 망했네요.. [5],잠실서상우,15:23:45,490
중국 제조업 PMI 7개월만에 확장국면 진입 [3],東吳德王,15:23:43,363
스쿨존에 차량 정차만 해도 벌금 먹이는게 젤 효과적이죠 [7],서재응감독,15:23:37,293
도끼 보면서 떠오르는 연예인 1명 [2],스팅레이,15:23:43,791
이거 소개팅 까인건가요? [14],라모스,15:23:06,784
이강인 1월 올림픽예선도 물건너 간거죠? [1],슬러거포,15:22:42,286
맥심 12월호 화보 .jpg [3],탑데도전,15:22:37,"2,224"
언론에선 저게 미사일이 아니라고 하는데 [5],다크레블,15:22:32,283
[KBL] 10일 쉬면서 뭐한거지.. [5],Ggool,15:22:30,424
디시 공익갤러의 취미 생활.jpg [5],서구이글스,15:22:29,"1,435"
태사자.. 괜히 아이돌 한게 아니네요;; ,동방신기,15:22:10,683
LG선수들 사인잘해주나요. [1],불고기존맛,15:21:59,293
오늘자 아는형님 게스트.JPG [11],연민정,15:21:49,"1,702"
'내한' 라이언 레이놀즈 '런닝맨'에 뜬다…역대급 만남 [2],럭비,15:21:54,655
신호 없는 횡단보도에서 사람을 치면 운전자 잘못 아닌가요? [17],steelers,15:21:43,463
개코정도면 국힙 탑티어 래퍼라고 볼수 있나요? [6],벤츠남,15:21:42,252
은행주 투자중인데 한국 금리 어디까지 낮아질수 있을까요? [2],골든벨린져,15:21:30,105
[KBL] 방금 리바팅리바팅리바팅 보신분? [6],불꽃남재석,15:20:29,291
일본 고등학생들이 노는법.gif [5],일기토,15:20:17,"2,228"
행복해지는법 알려주세요 [3],손연리,15:20:02,237
애들한테는 팬서비스 제대로 해줘야죠 ,불꽃정우영,15:19:46,92
이강인 부상당한걸로 추정되는 장면.gif [6],안알랴준다,15:19:43,"1,625"
[k리그]부산 팬분들 질문좀요 ,롯데샘슨,15:19:38,118
프로토 오늘도 팬이 선수눈치봐야하는 평화로운 kbl ..1쿼부터 개언더..ㅋㅋ [1],감동이야1,15:18:57,189
[KBL] 하승진 말이 맞는 줄 알았는데 [6],健勝,15:18:48,723
군무새도 독박육아처럼 여성계가 퍼뜨린 단어일지도 [3],[0-0],15:18:56,299
부산 골~~~~~~ [3],예지이,15:18:27,419
유라 진짜 리즈시절 ㄷㄷㄷㄷ [3],크레이지덕,15:18:27,"1,298"
아프신 아버지 때매 진짜 돌아버리겠네요 [7],이이이이잉,15:17:55,"1,022"
[트와이스] 작년 AAA때 미나(feat.다현).gif [2],미나리육회,15:18:00,280
"이강인, 허벅지 부상에 1개월 결장 [1]",쁘힝,15:17:45,358
"[NBA] 브랜던 잉그램, ""레이커스에서 즐겁지 않을 때가 있었다"" [3]",csmj197,15:17:50,565
여자보다 더 이쁘다는 일본의 미소년jpg [6],Zanetti10,15:17:19,"1,380"
우리나라에서 이름값 대비 흥행 안되는 감독 甲 [3],페닌,15:17:16,433
태사자 김형준 프로필보니 [14],hardenno13,15:17:12,"1,536"
KBL) 엘지 전랜 안본눈 삽니다 [3],샤킬오닐,15:16:58,315
불펜 서버가 이상한가요? [4],오션,15:16:56,176
조던11 브래드 응모 떨어졌는데요 [5],잠실주인엘지,15:16:38,267
수요일은음악프로 보는데 [1],노드노드,15:16:20,136
갑자기 궁금하네요 평소에 숙취가 심한데 [2],박준혁,15:16:21,177
블루투스 이어폰 귀통증 있지 않나요? [6],골든벨린져,15:16:27,252
현재 k리그에서 연봉 제일 높은 선수가 누구에요?? [1],럭비,15:16:20,166
kbl은 그냥 경기력 향상이 팬 서비스 [5],계구우후,15:16:15,256
도끼 수입은 꽤 큰 편이에요. [6],썬배은퇴ㅠ,15:15:53,973
멍청한 건물주 ㄷㄷㄷ...jpg [16],porcelain,15:15:53,"4,150"
Mlb파크는 [3],우키키키1,15:15:04,283
티비엔에서  손흥민이햇던방식으로  류현진다큐찍나봐요 ,지구의평화,15:14:57,103
20대0원vs43살5000억 [8],손연리,15:14:40,455
금수저아닌데 행복할수있나요 [4],손연리,15:13:54,200
강호동이 선수시절 힘씨름한다고 많이 까였나요? [10],고담흑기사,15:13:48,568
Jtbc 스포트라이트의 오류 [1],또생각,15:13:16,402
얼어죽은 여우.jpg [15],bedboy,15:13:14,"3,332"
"왼손, 왼발잡이 분들 운전하실 때... [7]",그렇구만요,15:13:13,439
요즘 가게 거의 다 키오스크로 바뀌고 있는거 맞죠?? [9],4드론고수,15:12:53,452
This scene  gets me every single time이무슨뜻인가요? [4],freedman1,15:12:50,128
치타 2마리 vs 전준우+신본기 하면 누가 이기나요 [1],크레이지덕,15:12:36,97
아이유 그 영화는 안나오나유? [1],pung5189,15:12:29,261
이게 지금까지 비공개였다는 사실 자체가 믿겨지지 않네요 [5],積惡餘殃,15:11:59,891
배구 고준용 원블럭 ,인테로,15:11:54,99
런닝맨에 게스트로 출연했으면 좋겠는 연예인 있나요?? [6],럭비,15:11:58,294
[배구]오랜만에 2세트끝나고 오버확정이네요 [2],최희섭,15:11:53,190
프로토)전자랜드 닉값 하는 중 [2],Tribe,15:11:48,265
유라 리즈시절ㄷㄷㄷ.jpg [5],율없민바,15:11:30,"1,710"
한국에서 여자친구 뺏기 [7],재명투개더,15:11:22,"1,251"
원더걸스 예은 화 많이 났네요ㅎㄷㄷㄷ [19],그패봐봐,15:11:12,"2,764"
kbl) 농구 경기 수준 [1],땡보,15:11:08,254
친구가 공시준비 4년째인데 충격줄수 있는말 [33],하기비스,15:10:40,"1,543"
민식이 건으로 시체팔이라니 [9],유인영,15:10:06,631
착시.jpg [1],베큠,15:10:00,634
배구))김홍정은 확실히 잘함 [1],뷰파인더,15:10:01,130
오늘자 하치무라와 오타니.jpg [4],SR-71BB,15:09:59,866
[배구] 우리 역사 빛내주었던 [4],살리바,15:09:53,222
[트와이스] 드디어 팬클럽 키트가 왔네요~ [9],yuna223,15:09:49,199
썸녀에게 오늘 저녁 보자고 물어본다 vs 안물어본다 [6],지바냥,15:09:24,239
한국여자 가슴이 커지는게 아니고 비만비율이 느는거 아닌가요 [5],소드,15:08:51,"1,588"
일본 천년돌 하시모토 칸나.gif [5],[IU]이지은,15:08:34,"1,690"
장교 만호봉 월급여 . jpg ,붕어빵맨,15:08:19,"1,004"
275 칼로리면 런닝 몇분이에요? [6],스토리텔러,15:08:27,353
패드에서 갑자기 이런 광고창이 막 뜨는데.. 어떻게 하면 될까요? [4],yesorno,15:08:12,149
[K리그] 경남 홈팬들도 꽤 있네요 [2],아니야그거,15:08:10,252
슴 ,????,15:07:55,901
근데보행자랑 운전자를 나누면서  서로욕하는이유가? [1],지구의평화,15:07:30,142
지금 K리그 경남 인천 단두대 매치죠? [1],이쁘둡,15:07:26,292
"이강인은 발렌시아 남는게 좋을까요? 하위팀,하부리그 가는게 낫을까요?? [2]",nlfan,15:07:25,158
모텔숙박 양도 판매는 어떻게 하나요? [3],제구왕범수,15:07:18,217
"정준영 ""죄송한척 하고올께"". jpg [14]",블랙핑두,15:07:15,"3,529"
"민식이법 불법주정차, 불법횡단은 거르고 운전자만 몰빵처벌하는 법인가요? [1]",djlee,15:07:01,292
김두한 싸움 실력도 과장이 심한 거 같네요 [1],제대로알자,15:06:25,325
엠비씨도 골프중계를 하네요? ,질럿요맨,15:06:18,82
[에이핑크] 메인댄서 보미.gif [5],스토아,15:05:59,596
배구))박철우 삼세번 왤케 웃기냐 [1],뷰파인더,15:05:40,192
방글라데시가 얼마나 인구가 많은지 대한민국과 비교.jpg ,일기토,15:05:39,303
최저임금 4~5000원이 적당 [6],쟈키쟈키,15:05:35,622
애들은 강제로 ebs 문제집이 생겼습니다. [4],바다껍질,15:05:25,584
[NBA] 네이버 스포츠 ㅋㅋㅋㅋㅋ.jpg [12],A.Ethier,15:05:16,"1,367"
배구) 3연속 박철우픽 ㅋㅋㅋㅋㅋㅋㅋㅋㅋㅋㅋㅋㅋㅋㅋㅋㅋ [1],순수한사랑,15:05:14,259
[배구] 박철우 3번 연속 ㅋㅋㅋ ,해등로,15:05:09,63
[배구] 박철우 3연벙ㅋㅋ [1],섭섭해,15:05:08,194
이촌역 부근 갈만한 맛집 있나요??? [1],Eroica,15:04:40,101
강아지 나이 환산표 [12],쯔와찌,15:03:43,997
일본인들은 절도가 있고 예의가 참 바른듯? [9],몽치,15:03:41,396
40대현역 모델 장윤주 보그 화보.jpg ,Zanetti10,15:03:29,"1,108"
조던11 드로우..혹시나 했는데.jpg [3],색살검비,15:03:27,698
겨울왕국 2에 대해서 불펜에서 자주 보이는 평론 중 하나... [4],유기적,15:03:29,274
(NBA) 멜신 포틀 합류후 6경기 성적 ㄷㄷㄷ [9],디로,15:03:40,747
고자되기 vs 100억 [9],milpops,15:03:25,335
기초생활비 2억 부정수급…‘베이비 박스’목사 검찰 송치 [1],제이콥터너,15:02:36,463
15년전 전세계 휩쓸었던 곡.avi [5],DaDison,15:02:35,735
겨울왕국2 이러다 엔드게임 관객수 넘는 거 아닐까요 [8],페닌,15:02:30,488
갑자기 엠팍 팝업 25개 차단되었다 뜨네요. [4],해등로,15:02:11,442
아재와는 거리가 먼 어제 노래방 선곡.txt [1],새폴더,15:02:10,212
보행자입장에서 운전자들 의식이 최악이라는걸 많이 느낄때가 [9],비나리,15:01:53,449
보행자 사고를 운전자가 충분히 인지하면 어느정도는 막을걸요? [8],A380,15:01:02,241
민식이법 자체도 논란의 여지가 많은데 감성팔이로 선동하는거 역겹네요 ,글쟁이,15:01:04,274
금융위기가 오면 금리가 올라가나요 내려가나요? [2],골든벨린져,15:00:58,210
양대창  맛있는데 너무  비싸네요 [5],장스나,15:00:35,494
민식이 어머니 인스타 테러가 시작됐네요. [12],뮤지코인,15:00:35,"1,861"
역설적으로 스쿨존 주정차 금지는 왠지 학부모들이 더 반대 할거 같은데요 [2],betternow,15:00:43,254
마미손 원썬디스곡 너무좋네요.avi [3],김태군,15:00:21,447
국내 라면 나트륨 함량 순위.jpg [11],메가셀,15:00:29,"1,276"
한국여자 가슴이 커졌네요 [24],pinnacle,14:59:42,"2,705"
요즘 씨름 선수들 비쥬얼 대단하네요.jpg ,하기비스,14:59:38,477
요즘 씨름 선수들 비쥬얼 대단하네요.jpg ,하기비스,14:59:21,315
배구) 정성규 1라4순위  구본승 3라1순위네요 [2],샤킬오닐,14:59:18,200
[NBA] 레이커스의 12월 스케줄 [1],csmj197,14:59:09,340
이건 사기인가요 정당한 댓가인가요? [19],돈과명예,14:59:06,622
종교 인구 순위.jpg [3],일기토,14:58:09,778
오늘 그알 어떨까요? [3],엘도라도™,14:58:05,607
이거 나올때 초딩이였던 애들 다음달에 성인 됨.jpg [11],취즈벍어,14:58:01,"1,455"
내수기업 투자가 꺼려지는 이유.txt ,나란놈이란,14:58:04,312
다이나믹 불펜 .jpg ,블랙핑두,14:57:29,371
무리뉴가 포르투에서 3시즌 있었군욬 [1],Zanetti10,14:57:19,262
[배구] 정성규 완전 개그맨이네요 [1],닭　,14:57:14,464
[트와이스] 아는형님 고요속의 외침 넘 어려운거 아닌가요 ㅋㅋ [3],이쁘둡,14:56:59,261
[배구] 정성규 vs 구본승 누가 더 비호감인가요? [8],해등로,14:56:55,351
와 오늘은 공부가 너무 안되네요 [5],역시나스타,14:56:49,471
문재인이 세월호 피해자들에게 고맙다고 한 이유는 뭘까요? [7],식물,14:56:21,433
올해의 명언은 '죄송한척하러갈께' 이말 아닌가요?? [7],SoonWooNo1,14:56:06,921
민식이법은 통과되면 안될꺼같네요.. [7],카스탈리안,14:55:58,"1,148"
민식이법에서 블박차 운전했을때 멈출수있는사람 1프로는되나요? [14],스톤킹,14:55:59,"1,028"
스벅 프리퀀시 빨강으로 하양 2개 교환요청합니다 ,한승혁,14:55:59,74
보통 출퇴근시간 말할때 기준이 뭐죠? [4],동그라미,14:55:48,133
근데 5억 대출이자 생각보다는 얼마안되네요 [6],총균술쇠,14:55:47,781
기독교와 이슬람교의 야훼는 같은 신이고요. 이거 아니라고 우기는 일부 개신교 주장은 그냥 무시해버립시다. [9],무위도식,14:55:38,215
천조국 교통 딱지 벌금 스케일 [2],청마루Q,14:55:36,440
물가상승률 순위.jpg [2],일기토,14:55:10,514
"국정원 ""북한 초대형방사포에 탄도미사일 기술 접목"" [2]",Berardi,14:55:07,198
"""우리, 할 수 있다""…한국 과기부장관에게 베트남 스마트폰 선물 [2]",쁘힝,14:54:51,694
하늘에서는 중러가 찝쩍거리고 바다에서는 북한이 찝쩍거리고 ,마하리쉬,14:54:35,42
가창력 5대천왕들 ,5억만들기,14:54:29,157
불펜에서 보면 도저히 이해가 안되는 사실 [19],Paladin,14:54:27,678
일본과 은영전의 상관관계 두가지 [1],너굴맨,14:53:47,225
만석닭강정은 신기하네요.. [22],그린랜드,14:53:43,"1,814"
"""우리 애가 볼모인가요?""...'민식이법' 통과에 조건 단 한국당.jpg [13]",한미르,14:53:24,969
이번에 새로 데뷔한 AV배우 안자이 라라 [9],미카미유아,14:53:02,"2,516"
우담 김승현글 웃긴게 선수는 지면서도 돈을 벌죠 [2],아카라,14:53:13,270
WWE 역사상 최고의 라이벌리.gif [6],하늘땅,14:52:52,820
스쿨존 노인일자리로 녹색노인회 같은거 만들어서 횡단보도 마다 세워놓는건 [4],GoDbacks,14:52:49,196
교통사고 관련 사람의 반응속도와 피지컬을 너무 과대평가 하는거 아닌가요? [11],구리Twins,14:52:37,300
흥민이 경기 오늘 하는거 맞죠? [6],슈바르쳐,14:52:15,681
snl  유튜브에 올라오는거 최근에 보는 중인데   지나치게 선정적이네요 [2],Z.Greinke,14:52:25,222
손해보험 한국민  배우 누구닮지않았나요? ,팽이의중심,14:52:06,54
사랑니 뽑을때 30분 걸렸네요... [11],불끈앙마~,14:51:56,510
일본 10대 여성이 되고싶은 얼굴 1위.jpg [5],[IU]이지은,14:51:50,"2,257"
일본이 화학 소재 강국이라고하는데 [3],럴리펄리,14:51:40,443
보배는 생활 진상들 혼내기에 관심이 많은 듯요 [5],놀러왔어용,14:51:31,492
와 프슨플 자동 연장 무섭네요 ,갑각나비팬,14:51:29,105
영어 단편을 100번 정도 반복해서 읽는 것도 독해하는데 도움이 많이 되는 것 같네요 ,제대로알자,14:51:14,111
우담 보면 볼수록 종교 관련 확신이 드네요 [3],Nullㅤ,14:51:06,322
스쿨존에 차 들어오는 거 금지하면 ,시라리,14:51:07,126
배달음식 손편지의 비밀 jpg [17],????,14:51:03,"3,968"
다음 대선에 허경영 나오려나요 ,이토미사키,14:51:02,42
"북한, 아베에 ""조만간 진짜 탄도미사일 보게 될 것"" 경고 [6]",쁘힝,14:50:56,400
근데 도끼가 버는 돈이 그리 많나요? [2],고담흑기사,14:50:43,504
저는 장애인주차구역 불법주차는 꼭 신고합니다. [3],히미쓰,14:50:30,229
[트와이스]전 배송출발했네유 [1],pung5189,14:50:04,103
의류 브랜드 순위.jpg [2],일기토,14:49:42,"1,215"
민식이 블박보니 옆에 정차되있는 차때문에 시야가린거같은데 [5],글쟁이,14:49:35,534
김정호는 진짜심각한듯 [3],두대한,14:49:26,644
무리뉴에 대한 현지토튼넘팬들 반응이 생각보다 헐씬 좋네요 [6],Zanetti10,14:49:26,546
운전면허 시험을 매우 빡세게 하고 기존 면허 보유자들도 10년에 한번 재시험 보게 하면 어떨까요? [5],로코와몰리,14:49:10,200
[프로토] 토사장픽 댈러스 또들어왔네요 [8],살리바,14:48:43,543
양털은 양살려서 깍잖아요? [7],아이언대형,14:48:21,810
"보아, 12월 가수 컴백..""새 앨범 발매, 기대해 달라"" ",쁘힝,14:48:13,136
모바일 엠팍쓰면 광고 엄청뜨네요 [2],샤킬오닐,14:48:01,193
'탄도미사일' 헛짚은 日…'방사포' 밝혀지자 머쓱 ... [20],bedboy,14:47:47,"1,006"
이 아이돌 누군가요? JPG [4],슈스케이,14:47:41,"1,166"
살면서 한 번 불법주차 신고한 적 있는데 [4],유이유,14:47:27,390
스쿨존에는 신호등을 다 설치하면  어떨까요? [5],프렌치스,14:46:49,267
대형 쇼핑몰 기업 가치 순위.jpg [2],일기토,14:46:43,"1,207"
겨울왕국이나 어벤저스같은 헐리웃대작들이 성수기때 개봉안하는 이유가 뭔가요? [6],imagenle,14:46:37,221
"멜론,MAMA 음원대상은 누구일거 같나요? [2]",케이커스,14:46:36,126
주정차문제 먼곳 볼 필요없이 일본처럼 가야죠 [3],최정의윤,14:46:05,474
[배구] kb 이런 블로킹은 20점 이후에... [1],해등로,14:46:02,162
아나 kt광고 어떻게 없애나요? [4],티키로헬,14:45:58,274
겨울 집 온도 몇도로 유지하시나요? [5],B.Beal,14:45:51,454
남한이 북한보다도 출생아가 적네요.jpg [5],나란놈이란,14:45:44,732
킹덤에서 허준호가 (스포) [4],7.Hazard,14:45:39,516
그래픽 사용율 순위.jpg [7],일기토,14:45:35,800
불법주정차도 못막고 하는 거는 민주주의의 단점이네요 [2],A380,14:45:32,216
[NBA] 랄은 덴버전 앞두고 주전쉬어서 좋네요 [3],스프라이트,14:45:23,545
여자친구가사준로또 1등이나 2등당첨되믄 말하나요? [2],질럿요맨,14:45:13,280
시내 운전할때 어린이보호차량이 가장 무섭죠 ,주간불펜,14:45:08,122
나비정도면 가슴몇컵인가요? [1],방구장이,14:44:58,954
KTX에서 도시락 먹으면 안되나요? [15],돈과명예,14:44:41,784
항공방위산업 기업 가치 순위.jpg [1],일기토,14:44:33,590
김승현 발언 이승엽보다 강하네요 [7],야구공,14:44:26,"1,178"
"트와이스] 게임 못하는 사람 보는 나연, 다현 표정. [5]",goldcoin,14:44:19,380
브렛하트 VS 숀마이클스 [12],롯데기론,14:43:45,263
그래도 민주당 정권이 한 번은 더 간다고 봅니다 [21],Since1982,14:42:59,767
브라질 지하철 출근길 [4],lhg1003,14:42:45,"1,167"
World series champion's' 에는 왜 s가 붙나요? [3],freedman1,14:42:46,290
윤민수 인스타에서 휘젓고 다니는 무적의 웨딩릴리jpg [7],Zanetti10,14:42:43,"1,644"
지금 부산 vs 안양  승격 단두대 매치인가요? [6],샤킬오닐,14:42:38,286
조카 아이들이랑 애니메이션 영화 뭐 볼까요 [5],파워풀락,14:42:32,149
이재정이 나경원한테 뭐라하던데 류여해랑 말투가 비슷하네요 ,4EVER,14:42:24,132
(NBA) 포틀랜드 역시나 올라오네요 [4],디로,14:42:16,472
배구) 김학민 리시브가 망이어도 나이 감안하면 대단하네요.... [3],순수한사랑,14:42:13,138
김민아 드립은 정말 신세계네요 [2],yu1426,14:42:10,"1,228"
바이브가 의심스러운 이유 간단 정리 jpg [4],서구이글스,14:42:00,"2,299"
저희집 빌라 사는데 무단주차 진짜 악질들 너무 많습니다. 그 후기. [14],yeni0702,14:42:03,778
원더걸스 예은은 솔직히 [7],김태군,14:41:49,"1,303"
매복 사랑니 빼고 왔는데 [8],병곡,14:41:36,335
[에이핑크] 팬들에게 감사하는 초롱.gif [1],스토아,14:41:40,224
불법주정차는 과태료 액수가 절대로 문제가 아닙니다. [12],히미쓰,14:41:21,430
민식이법은 사실 불법 주정차가 제일 핵심인건데 [7],쌀로메,14:41:06,693
"이승환 ‘음원 사재기’ 언급 “브로커, 측근 통해 억대 요구” [3]",쁘힝,14:40:53,776
우리 아기들 다니는 소아과 여의사가 17금? [14],똥차니,14:40:46,"1,588"
한국도 차고지 증명 하긴 하는데 유명무실하죠 ,유이유,14:40:39,75
만약에 누군가가 사병을 몰래 키우고 있다가 적발되면 이건 무슨 법에 의해 처벌되는 건가요? [5],무위도식,14:40:41,208
민식이법 통과되도 실제 법 적용에선 좀 다르지 않을까요? [6],fastman,14:40:37,345
헤비레인 이란 게임을 하고 있는데 [2],예수님,14:40:01,150
예은 몸매 ㄷㄷㄷ.gif [5],귀찮다,14:39:55,"3,438"
김기현껀 하명/이첩 관련 질문 [4],치퍼대장,14:39:57,172
유치원 다닐때부터 장나라 팬이었는데 ㅎㅎㅎ [1],Solidarite,14:39:35,229
[배구] 꼴지팀 주제에 범실은 왜 이렇게 많아 [3],해등로,14:39:27,208
레슬러 브렛하트는 기술이 진짜 좋네요 ,롯데기론,14:39:25,80
배구) 홍정이가 살린거 대동여지도 대한민국 망치는 [3],키이썸베베,14:38:54,166
"한국여자 94%, ""한국 사회는 여성에게 불평등.jpg [24]",엠팍불펜,14:38:41,"1,547"
700원짜리 황제라면 서남수 장관 억울하게 지금도 까이네요 [4],소돼지개닭,14:38:35,480
김밥 1세트 못따면 언더에 셧아웃각인데 ㄷㄷㄷ ,하스스톤,14:38:21,64
브레이크 파열로 스쿨존 사고내면? [3],tt56fr3,14:38:03,317
인천유나이티드팬들 800명은 창원간듯하네요 [5],최-.-원준,14:38:00,455
민식이 사고영성 링크좀 얻을 수 있을까요 [5],글쟁이,14:37:56,380
[남배] 한국민ㅋㅋ1세트 말아먹음 [1],신란트,14:37:51,129
[배구] 한국민 김정호 노답 [2],살리바,14:37:44,160
남배 kb 손보 아깝 ,갈곡천,14:37:41,63
위기가 임박했는지 알고싶으면 금리와 국채 수익율을 보세요. ,홀더도어,14:37:35,165
[배구] 내다버린 드래프트 한국민픽 ,FLaMme,14:37:31,139
김승현 발언 패드립은 아닌가요? [3],정보명,14:37:24,536
불법주정차차량 진짜 얄미운게 [7],비나리,14:37:02,567
이정후 아빠 '며느리감 주이'JPG [17],Zanetti10,14:36:59,"4,388"
미스터션샤인 뒤늦게 봤는데 ,goldom18,14:36:43,246
그냥 불법주정차 과태료 대폭올리면 될 것 같은데.. [17],내인생디쁠,14:36:23,432
세종시에 대한 환상이 많으신듯 ㅎ [13],짜장투어,14:35:43,870
뇌동맥류 수술 안해도 치료가 가능한건가요 [6],롯데맥거친,14:35:33,303
도끼가 돈을 많이벌었으면 윗급은 어떨지 [4],경언甲,14:35:24,527
카멜로 앤써니가 계속 이런 모습 보여주면 포틀은 한숨 돌릴 수 있나요. [4],데쓰하데스,14:35:18,315
민식이 부모만 불쌍한게 아닙니다 [1],스타일17,14:35:14,505
NBA) 오늘자 멜신 박스스코어 [6],우희힝,14:35:17,761
[배구] 1세트는 김홍정만 사람이네요 KB는 [1],살리바,14:35:11,106
우리나라는 이슈 발생때마다 법개정시 이성보다는 감성영역에 치우치는 경향이 있습니다. [3],Justdiss,14:35:16,293
[트와이스] 도발하는 다현.ㅋㅋㅋㅋ [5],buleseye,14:35:01,691
"오늘의 유시민 - 검찰, 비리정치인 수사자료 모으고 있다는 첩보 있음 [17]",아이패드,14:34:46,667
신세계에서 간식 사온 매니저 극딜하는 여배우.jpg [6],Zanetti10,14:34:44,"2,206"
불법주차 문제는 차고지 증명으로 끝낼 수 있죠 [9],핵폭탄,14:34:51,279
애플이랑 삼성은 객관적으로 비교가 안되네요 [2],엠팍불펜,14:34:20,251
민식이법은 억울한 사람을 많이 만들것 같아요 [27],원더K,14:34:33,"1,109"
라빈은 30득 하고 싶었나 저기 2점을 ㅋㅋ ,치치치치치,14:34:19,89
횡단보도에서 일시정지 후 출발하시는 분 손???????? [10],lllllill,14:34:07,333
장윤주 누님 VOGUE 12월호 화보 .jpg [5],탑데도전,14:33:59,"2,415"
백두산 손익분기점.JPG [3],KiwormlL,14:33:58,"1,158"
[배구] 한국민 김정호 쫌... ㅜㅜ [1],해등로,14:33:55,130
갑자기 성소 이야기 많은데 [4],인테로,14:33:22,"1,106"
이뭥미 ,yesorno,14:33:15,65
[배구] 김홍정은 확실히 잘하네요. [2],해등로,14:33:09,107
"민식이법을 만들게아니라,  신고 포상금제만 운영해도 싹다 정리될꺼 같은데요? [2]",구리Twins,14:33:06,252
원더걸스 예은 인스타 일침 ㄷㄷ.jpg [25],프리미어12,14:33:17,"3,597"
결혼은 20대 후반이나 늦어도 30대초반에 해야하느거 같네여.. [1],라이징어퍼,14:33:17,296
주차 문제 일본처럼 하면... [2],이치로노모,14:32:59,265
그래서 지금 민식이법 다른 법안이랑 엮는게 누군가요 [5],글쟁이,14:32:37,349
부동산 포함 자산 30억이면 상류층인가요? [12],육덕여신,14:32:13,417
[NBA] 워싱턴 9분 15초 남기고 타임아웃 전부 소진. ,Potemkin,14:32:07,280
대한민국대통령 VS 캘리포니아 주지사 전세계 영향력 따지면 어디가 높을까요? [1],경언甲,14:31:45,99
내년 36살.... [7],널사랑해,14:31:29,944
경기도 광명시 한정식 추천해주세요 [2],토마토맨,14:31:27,135
스쿨존 자체에 모든 차량 진입금지를 시키면 됩니다. [7],교육연구원,14:31:22,458
겨울왕국 오늘 140만 정도 가능하겠네요. [4],Latteholic,14:30:54,330
두돈반을 스쿨버스로 투입 [7],ㅂㅎㄱㅎ,14:30:45,836
숫총각의 눈물ㅠㅠ...jpg [1],Hiten,14:30:43,"1,809"
요즘 플렉스라는 단어가 많이 보이네요 [5],아침방송,14:30:42,423
보이저 3호에 실어 보낼 노래 한곡만 선택해보세요 .jpg [3],JLightning,14:30:52,212
스쿨존 불법주정차 현실.jpg [6],자리야,14:30:30,"1,477"
배구) 한국민 ㅠㅠㅠㅠㅠㅠㅠㅠ [4],순수한사랑,14:30:19,176
[K리그] 오늘 부산 질수도 있겠는데요. [2],리스타트,14:30:13,248
중환자 전문의가 팍줄었네요ㅠ [2],헨지니채고,14:30:11,377
중국생활 5개월째 소감 [4],갓버럭,14:30:16,988
성소의 의미심장한 젓가락질 .jpg [4],블랙핑두,14:29:54,"2,913"
과학알못인데요..만약에 중성자별에서 가져온 엄청 무거운 물질로 차를 만들었다고 쳐요. [5],무위도식,14:29:51,141
요즘 밀레니얼 세대의 가치관이 ,anjfckwdk,14:29:45,102
불법좌회전 차량실시간 딱지 구경함 [1],김태군,14:29:31,260
[NBA] 오늘도 약빨은 네이버 스포츠 [2],리얼메타,14:29:24,687
근데 민식이 어머님 미인이시네요 [5],spoon,14:29:20,"1,256"
얼굴만한 가슴을 가진 성소 .jpg ,블랙핑두,14:29:18,"2,120"
개빡치네요 kt 보상 어쩌구 페이지 저만 떠요?? [2],효녀집두부,14:29:08,162
지금 엠팍 좀 느리지 않나요 [2],입체감,14:28:43,117
[배구] 우리카드는 박진우 잘 보냈네요. [1],해등로,14:28:30,137
NBA 서부에서 가장 강력해 보이는 팀은 어딘가요 [6],편안한관절,14:28:26,453
양치승관장은 몸이 엄청 좋은건가요? [3],스트레스,14:28:17,757
만일 운전면허취득이 굉장히 까다롭게 만든다면... [9],트라부세,14:27:59,236
불법주정차 과태료 100만원 신고포상금제 콤보 [5],눈시러,14:27:46,525
프로즌2 살짝 고구마 ; ,천강서이준,14:27:38,124
KT고객 이벤트 피싱..이거 엠팍만 뜨는건가요? [2],솔로본능,14:27:24,195
fm이랑 유투브만 보는데 pc가격 얼마나 들까요? [2],센트럴리그,14:27:21,158
주차할 공간이 부족하면 차를 안 사는 게 합리적이지 [3],유이유,14:26:46,382
선거법에 민식이법 엮는건 진짜 쓰레기아닌가요 [2],타레놀,14:26:46,471
야인시대 2부도 안재모가 했으면 [2],오랜만이야,14:26:29,347
지금 불펜에 악성광고 창이 떠서... [1],메보조유리,14:26:29,175
[NBA] ㅇㅅㅁㅅ 이 무슨 뜻인가요?(냉무) [8],Favre,14:26:23,752
영화 나를 찾아줘 재밌나요???? [1],아침방송,14:26:19,317
불법주차된 차량이 길 건너는 애들 시야도 방해하죠 [6],환상특급,14:25:52,385
교통 경찰 실적에 불법 주정차 딱지 끊는 갯수도 넣어야죠 [6],강쨩,14:25:52,199
체감상 외국감기가 더 센듯 ,sproll410,14:25:36,81
유시민씨는 권력은 공백을 허용하지 않는다더니 86용퇴론은 반대하네요 [4],하하ㅎ,14:24:48,424
민주당이 민식이법이랑 선거법 같이통과시키자 아닌가요? [12],도롱냥,14:24:39,834
40대 형님한테 겨울왕국2 추천해도 괜찮을까요? [9],자르반84세,14:24:27,310
페어리 테일이 생각보다 인기가 많았네요? [1],에버글로우,14:24:10,142
LG전자 평균 급여 [3],경언甲,14:24:05,"1,460"
스쿨존 자체에 차를 없애는게 더 현실적이지 않나요? [21],여명808,14:23:59,800
드라마 스토브리그.jpg [5],SARCASM,14:23:51,968
"태국 탐마삿 대학은 어느정도 대학인가요?, [1]",토이스tory,14:23:45,193
뭔 국민과의대화까지나와서 울부짖길래 마음아팠는데 ,타레놀,14:23:45,207
고현정 딸 에스크 질문 답변JPG(펌) [8],Zanetti10,14:23:43,"2,069"
자유한국당 황교안형님이 진국였네요. [2],mjm17,14:23:35,390
부산 안양 아나운서 특별게스트인가요? ,오구탁,14:23:33,143
근데 시속 20Km대로 운전하다 사람 치어도 사람이 죽을 수 있나요? [15],놀러왔어용,14:23:09,914
현직 저가쌀국수집.jpg [3],PRADA,14:23:07,"1,713"
브아걸 이번 앨범 성적 저조한가요? [3],히미쓰,14:22:45,357
히어로 영화 좋아하면 재밌게 볼 수 있는 애니메이션 영화 [1],파워풀락,14:22:32,128
한국은 스쿨존 문제가아니고 운전자 의식자체가 심각한 문제입니다 [7],jobs,14:22:26,361
무슨 운전자들이 프로게이머급 반응속도라도 되요? ,구리Twins,14:22:03,155
민식이법 이런 경우는 어떤가여? [7],프렌치스,14:21:44,596
음색 가져올수 있다면 누구 음색 가져오시나요?? [1],추천인,14:21:44,95
소주 세병 먹고 기분 업된 정도면 주량 센편인가요?? [6],너나잘하렴,14:21:42,258
흠 아이즈원 관련 소식같은거 어디서보세요? [3],카멜롯,14:21:35,381
성소의 풍만한 가슴 .jpg [5],블랙핑두,14:21:31,"4,143"
현직 구덕입니다.jpg [3],로우테키,14:21:27,736
근데 이재황 웬만해선에서 바람둥이 역할아니었나요? [3],요키치치,14:21:21,193
[NBA] 쿠즈마 부상 ㅠㅜ [1],Potemkin,14:21:06,424
아이고 쿠즈마 ㅠㅠㅠ ,한방이여,14:20:58,75
NBA 쿠즈마 부상? [4],always,14:20:48,640
이재황 다솜 커플 .jpg [1],2년후자살,14:20:27,"4,240"
공유처럼 돈많고 성공한 남자는 왜 결혼 안할까요? [9],Namyang,14:20:26,519
40대 대통령좀 나왔으면 좋겠습니다 [4],임주완,14:19:58,324
강호동의 라면 세계관 . jpg [1],아이유,14:19:52,"2,003"
안양  과정은좋은데  골 계속 날려처먹네요 ,기아이현곤,14:19:49,64
여자친구로 지수 vs 지숙.jpg [17],이즈리얼,14:19:46,"1,281"
애들도 횡단 보도 안 지키고 무단 횡단 하면 구속시켜야 합니다. [7],스타일17,14:19:35,368
스도쿠 잘하는 분들 대충 얼마나 시간이 걸리나요? [1],fnyhny,14:19:35,85
쓸데없이 1조쓰느니 그냥 각자좀더걸음안되나요? ,타레놀,14:19:24,102
나경원은 한국에서 온갖거 다누리면서 ,요키치치,14:19:11,190
김상조도 별거없네요 [3],이규형감독,14:19:06,836
대전vs세종 자기가 살고싶은 지역은? [14],R마드리드,14:18:49,360
불법 주정차 하는사람들이 더 문제인것같아요 . [8],GreemTeea,14:18:38,302
가수로서 백지영 vs 이수영 vs 장나라 [20],아부심벨,14:18:32,339
KBL을 다른 스포츠 팬서비스랑 비교하는 것도 코메디에요 ,치치치치치,14:18:07,100
민식이법 쓸데없이 예산 들이지말고 [11],세계명작AV,14:17:17,"1,165"
일요일 교회 불법주정차도 안잡는게 현실이죠 [2],서재응감독,14:17:11,282
부처님은 먼저 해탈한 인간일뿐인데 왜 신처럼 모시는거죠 [6],널사랑해,14:16:57,321
요즘 유튜브 영화리뷰는 결말포함이 대센가보군요ㅋ [4],SARCASM,14:16:57,210
[NBA] 워싱턴 지금 타임아웃 하나 남은건가요? [1],Potemkin,14:16:46,236
중국 아이돌은 그냥 한국이랑 똑같네요 [5],케이커스,14:16:45,647
[NBA] 화싸 더블더블 하겠네요 ,복수정답,14:16:37,112
현재 모바일로 엠팍하시는분들 보세요 [11],짜장투어,14:16:23,733
불법주차된 차를 전부 수용할 공간이 있나요? [14],트라부세,14:16:22,471
171에 적정 체중은 어느정도인가요? [10],트윈스현수,14:16:08,499
출산율 낮은 것에 인터넷 영향도 있다고 봐야하나요? [2],자르반84세,14:15:58,147
저는 모르는데 어머니가 박강성 슈가맨 나왔음 한다네요 [2],요키치치,14:15:53,150
김민아에 가려서 그렇지 왜냐맨 피디도 제정신은 아님... [1],riiddlers,14:15:44,778
k리그2 부산정도면 k리그1에서도 가능성있나요? [2],행복한순간,14:15:38,230
은근히 히트곡 많은 가수 [7],유우,14:15:21,442
저는 원소가 조조와의 전쟁에서 이겼다면 [3],ㅋㅋㅋㅋ,14:15:20,338
[PS4]혼란을 틈타 블랙 프라이데이.JPG ,Arodriguez,14:14:48,780
나경원 표정ㄷㄷㄷ [1],기태런런,14:14:09,"1,363"
태연 불티 뮤비 모티브 얻은 장소라네요.jpg [3],훈남,14:14:03,915
이번 기회에 스포츠선수 병역특례도 없앴으면 좋겠네요 [2],경언甲,14:12:54,207
팩트체크 좀 부탁드려요 [9],plplpplpl,14:12:52,458
"바른미래당은 나경원의 민식이법, 선거법 보이콧에 대해 어떤 입장인가요 [3]",아랑샤크,14:12:34,492
배구) 김호철 전 감독 한번더 감독할 기회가 있을까요?? [3],순수한사랑,14:12:34,217
[NBA] 랄 유니폼 이쁘네요 [2],A.Ethier,14:12:28,469
양화교 교차로 여기 좌회전하기 빡빡하지 않나요??.jpg ,아침방송,14:12:05,199
남녀 싸울 때 잠수타고 답장 씹는 상대방 별로죠? [9],화장실불펜,14:12:01,480
식도염 처음 걸려봅니다 [2],snakeboss,14:11:54,342
nba)오늘 맥기 상당히 괜찮네요 [1],김연아,14:11:25,279
슈가맨) 왕코형님.ㅋㅋ ,본헤드,14:11:17,293
불펜 핸드폰으로 팝업떠서 망했네요 [2],kakarote,14:11:14,304
[nba] 레이커스는 가비지 경기 점점 많이 나올거 같아요 [1],ID/PWD찾기,14:11:01,571
일본처럼 차고지 증명 왜 못하죠? [16],유이유,14:10:51,644
불펜에 축빠들도 많나요? [7],행복한순간,14:10:51,127
"고현정&정용진부회장 아들,딸 근황jpg(펌) [11]",Zanetti10,14:10:47,"2,483"
민식이법으로 정치질하는게 민주당임 [23],귀쇼다져쓰,14:10:40,"1,133"
슈가맨 몇불예상하십니까 [4],유달산고동,14:10:38,317
[NBA] 너무 압도적으로 이기고 있으면 홈구장도 조용하네요 [2],페닌,14:10:24,448
일팍들아 그러니까 딴데에서 욕이나 쳐 묵지 [8],데구구르,14:10:05,361
김승현 발언이 스포츠 역사상 올타임 원탑 아닌가요? [11],후로젝,14:10:03,959
좀비영화 찾아주세요 ,경언甲,14:09:58,58
란마 여캐가 가슴이 컸던 이유ㅎㄷㄷㄷㄷ [3],그패봐봐,14:09:55,"3,725"
나경원 잘하고 있다 ,기태런런,14:09:54,295
[NBA] 멜신 빅3 [1],살리바,14:09:33,301
김승기-HAM.avi [3],Irisgarden,14:09:27,118
신진식은 일본 킬러였죠 ,스타일17,14:09:23,132
공수처법이나 선거법 기습 상정 가능한가요? ,여명808,14:09:23,65
자살인가 타살인가. jpg [27],서구이글스,14:09:18,"3,424"
민식이법에서 불법주정차 처벌이 빠지는게 말이되나요? [13],자리야,14:09:12,807
민식이법을 이용하는 민주당 정말 치가 떨리네요. [3],mjm17,14:08:58,674
새로 시작한 하자있는인간들은 평이 어떤가요 ,유희관슴가,14:08:50,55
아니 근데 자식 죽은건 애도할 일이지만요 [2],효녀집두부,14:08:28,523
1년에 휴가 30일 사용 많은거죠?? [3],한표주세요,14:08:18,352
"에어맥스97 어떤 색상이 예쁜가요,? [10]",국대최원준,14:08:10,545
"한국당 ""민생법안 볼모 삼은 민주당, 사죄하고 본회의 열라"" [1]",더러운그곳,14:08:09,442
미국 농구도 지고 있으면 하이파이브 안해주나요?? [6],송아지,14:07:58,311
르브론 바운드패스 장인이네요 ,더마스터,14:07:57,128
혹시 네이버웹툰 연애혁명 보시는 분? [3],스칼렛위치,14:07:53,203
nba 지금 발리고 있는 워싱턴도 kbl 오면 전경기 가비지 압승 가능할까요 [7],ynkooad,14:07:39,382
[NBA] 맥기 자유투 [3],두산vv4,14:07:34,309
전참모총장 손자면 퇴임했더라도 군생활 프리패스인가요? [2],이리듐,14:07:25,212
초보운전자에게 이 코스 연습용으로 괜찮을까요....?? [4],검황보랴,14:07:13,310
요즘 사람들은 잘 안 쓰는 말.txt [3],프리미어12,14:06:45,799
불법주정차가 없어질 수 없는게 [12],우리거북이,14:06:37,966
배구) 신진식도 레프트에서는 단신인 편이죠??? [3],순수한사랑,14:06:36,281
NBA 밀워키도 어느덧 10연승인데 [1],always,14:06:34,388
세월호사건때 컵라면먹은걸로 까시던분들은 [1],ㅋㅋㅋㅋ,14:06:20,290
민식이 법이 악법이다?? [19],쥬대인,14:06:01,"1,184"
밑바닥 영어공부 어떻게 할까요 도움부탁해요 ,파란소화기,14:05:57,68
법알못이지만 민식이법 도입은 신중할 필요가 있지 않을까요.. [7],abcdefg,14:05:49,474
결혼하면 애정이 몇 년 가나요? [4],ehsqjsek,14:05:37,496
[NBA] 오늘 랄이 압살하는 이유 [2],복수정답,14:05:34,802
공무원 평균 연봉 얼마나 될까요? [6],경언甲,14:05:28,372
결혼하게 되면 와이프에게 급여 및 재테크 상의 하고 해야돼요? [5],Giant,14:05:24,272
(프로토)케이리그 베팅 [1],waadaebak,14:05:18,930
현역 미국인 최고의 운동선수는 누구라 보시나요 [10],편안한관절,14:04:57,401
생물학적으로는 고등학생 때 섹스를 제일 많이 해야하는거 아닌가요? [1],행복한순간,14:04:50,412
만화)원피스 투명투명 열매는 정말 성가시겠네여 ,Readname,14:04:49,238
6살 유치원 성폭행 가해부모글 [13],NO.7김하성,14:04:27,"1,996"
랄은 12월 일정 전승하면 정규우승 확정일 듯 [4],월터.W,14:04:25,191
슈가맨 jtbc 폭발하는 매치. jpg [12],아이다,14:04:17,"2,567"
마통 300  가지고 신뢰타령 하는거 개웃기네요 [2],주간불펜,14:04:06,323
가만보면 스쿨존 사고는 대부분 학부모들 때문에 나는거 아닌가요?? ,너나잘하렴,14:03:52,175
동생이 취직을 했는데요. [21],비타민D3,14:03:51,873
불펜은 무단횡단하는 사람이나 자라니 욕 엄청 하는데 [13],powerjs,14:03:10,602
롤 역대 최고 선수들? [3],슈션,14:03:01,162
"우리나라 학원스포츠상 농구, 배구 병행하면 어려울까요? [2]",살롱아무르,14:02:51,82
교사들은 급여집계를 따로 해야되요 [6],아스팔트9,14:02:53,593
슈가맨에 이 팀은 영영 안 나올려나요 [4],민이RF,14:02:47,677
[nba] 워싱턴 오펜시브 2위팀인데 랄상대로 안되네요 [5],92년염종석,14:02:32,590
당연히 민식이 가해자 과속인줄 알았는데 과속이 아니었어요? [5],징징이척결,14:02:30,682
민식이법은 단단하고 쎄게 만들어야 합니다. [7],죄송함니다,14:02:09,488
[NBA] 레이커스 지금 워싱턴이랑 38점차???????? [1],음악아이유,14:01:44,536
[K리그] 올해는 막판까지 역대급이네요 [1],서건창문을,14:01:40,257
민식이 사고난 도로 상황.jpg [27],불판,14:01:27,"4,304"
[NBA] 게임이 안되네요 [3],디파이언스,14:01:24,570
아마존에서 200불 가격의 공구를 사면 관세가 붙나요? [14],groogru,14:01:19,208
nba}하치무라가 나와서 오타니도 왔나보네요 ,Namyang,14:01:10,157
만지고 튀려다 제대로 걸린 넘.jpg [5],protection,14:00:57,"2,077"
[nba] 방금 코비 같았네요 ,FLaMme,14:00:29,236
근데 왜 스쿨존 불법 주정차 차주 처벌하는건 빠졌을까요? [16],fastman,14:00:24,775
혹시 이 제품 이름 아시는 분 계신가요 ? ,[forfever],14:00:18,65
슈가맨에 나오면 불펜 폭발할 가수 1인! ,모범택시,14:00:13,407
라이브는 엉망이지만 음원은 이매진 드래곤즈급 포스를 가진 락밴드 보컬.JPG ,Arodriguez,14:00:13,241
법은 사고이후의 처벌이 목적이라 사고안당하려면 본인이 조심해야해요 [4],bass.,13:59:41,186
배구) 원래는 KB 권순찬감독이 사의 표명했군요.... [2],순수한사랑,13:59:26,397
진짜 제동거리는 공주거리+제동거리네요 [2],노간주,13:59:26,303
올림픽대로에서 분당수서로 빠지는길을 [3],함춘회관,13:59:22,234
어느나라는 스쿨버스승하차시에 도로에서 차가 다멈추더군요 [4],아이언대형,13:59:21,269
NBA 09-10 랄 vs 보스턴 파이널 7차전 오랜만에 하이라이트 보는데 재밌네요 [1],always,13:58:58,121
[nba]맵스가 이겼네유? ,pung5189,13:58:48,154
[여배] 배구선수의 개인기.gif [5],아니야그거,13:58:21,"1,283"
유재하님 시절을 잘 몰라서 그러는데 [6],powerjs,13:58:13,216
nba)아니 설마 멜신 [5],뢴디,13:58:03,645
남자 33살에 2억이상 돈 모은 비율 [16],Namyang,13:57:43,"1,116"
BMW 320D도 대구 원룸촌에선 여포입니다 [5],돈과명예,13:57:39,851
하치무라를 비롯 흑인혼혈이 대단한게 소수인데 성공률 높음 [1],레드잼플린,13:57:36,193
언젠가부터 이리 라는 단어가 안쓰이네요 [9],유희관슴가,13:57:09,438
[NBA] 오타니 왔군요 ,icarus13,13:57:09,179
[nba] 경기장에 오타니 왔네요 ,amarte,13:57:01,144
현직 방콕 터미널21 커피가격.jpg [3],커피공장장,13:56:55,"1,586"
타국의 만화에서 익숙한 냄새가 난다.. [2],DoubleA,13:56:37,493
[NBA] 오타니 ㅋㅋㅋㅋ [2],디파이언스,13:56:35,634
민식이법은 악법이라고 봅니다. [5],스타일17,13:56:06,"1,169"
갤럭시 핸드폰 밝기요 [1],오랜만이야,13:56:04,218
[NBA] 르브론 어시스트 계속해서 적립중 [2],xhanza678,13:55:59,557
운전할때 양발 운전이 편한가요?? [10],검황보랴,13:55:46,436
피피티 잘 못만들바에 한글로 만드는게 낫나요 [6],요키치치,13:55:42,200
[트와이스]아는형님 인스타 둡나봉.jpg [4],GKangel,13:55:25,718
[프로토] KB 드디어 12연패 탈출하겠네요 [4],살리바,13:55:25,628
삼성라이온즈 2군 식단 jpg [9],서구이글스,13:55:19,"2,023"
베트남이야말로 방어력 원탑의 나라 아닌가요? [3],아부심벨,13:55:11,398
슈가맨 나오면 80불 이상 받을 가수들 [9],urban,13:54:58,672
최자 먹방 유튜브 너무좋네요 [3],경언甲,13:54:45,902
겨울왕국 1 안보고 구냥 시간남아서 2 봤는데 [6],Cokadi,13:54:34,455
선진국들도 스쿨존에서 사고 나면 그냥 인생 종치는 분위기 아닌가요?? [3],무척엘지,13:54:36,401
"[블랙핑크] 지수, 리사 인스타스토리.gif [1]",불타는이글,13:54:26,560
[nba] 오랜만에 4쿼터 퀸쿡 재롱쇼 볼듯 [1],FLaMme,13:54:15,329
80대 팔순 노인 효도여행 [6],GREENZONE,13:54:16,587
발정기가 온 아내때문에 절벽으로 피신한 숫사자.jpg [1],DoubleA,13:54:13,"1,453"
옛날 기생은 지금으로 치면 연예인인가요? 매춘부인가요? [6],행복한순간,13:54:07,393
내가하는 필리버스터는 착한필리~ 니가하면 나쁜필리~ [4],식혜짱,13:53:45,312
악법이면 고치면 되는거지 ,라만,13:53:48,104
민식이법 내용 비판하는 사람들 잔인하네요 [13],아스팔트9,13:53:47,"1,258"
[슈가맨]전 TG-Love Tonight이 보고 싶어요... ,포드100,13:53:13,82
불펜 하다가 계속 kt 보상프로그램 이란 스팸 페이지가 뜨는데요 [1],효녀집두부,13:53:07,77
[레드벨벳] 조이 짠내투어 [2],7m7d,13:53:05,439
멸종위기종 온두라스 흰박쥐.jpg [7],SARCASM,13:53:03,"1,380"
김승현 발언은 그냥 걸러들으세요 [2],김재규장군,13:52:19,647
[NBA] 다음주 SPOTV2 중계 일정 [3],csmj197,13:52:15,409
손흥민 느바로 보면 누구정도 위상일려나요? [6],LILLARD,13:51:53,300
슈가맨)  티티마 나올법하죠? [7],46.박진태,13:51:18,465
"나경원, 민주당 비난.JPG [23]",민주열사,13:51:04,"1,935"
슈가맨 삼고초려 거절한 그룹 .jpg [13],아이유,13:50:54,"4,058"
돼지국밥+수육에 낮술 한잔.jpg [8],박지영,13:50:38,"1,542"
베트남은 몽골한테 어떻게 버틴거져?? [9],KIAV10!!,13:50:38,770
가수는 가창력이 중요 vs 음색이 중요. [14],케드,13:50:26,353
제육볶음 6천원 혜자죠?? [3],추천인,13:50:21,487
홍준표님 페북 [2],betterthan,13:50:14,459
나의 슈가맨 찾아주실분 있나요? ㅠㅠ [3],키즈낭인,13:50:14,498
어떤게 더 어울리는 인상인가요?.jpg [1],새폴더,13:50:12,277
[KBL] 김승현 발언 절대 동의할 수 없습니다. [7],노히트노런,13:49:57,554
센서있는가스렌지 삑삑대는데 어캐쓰나요? [3],샤이닝문,13:49:54,114
한국+파키스탄혼혈 스트리머의 학창시절 [4],DoubleA,13:49:30,"1,058"
옛날 사람들은 섹스하면 애 낳을수 있다는거 어떻게 알았을까요? [9],행복한순간,13:49:16,"1,242"
학창시절 공부 열심히 안하고 놀았던 친구들도 꿈이 생기니 확실히 잘됬네요 [1],나가스,13:49:09,192
고혈압과 빈맥의 차이가 먼가요? [2],영길아가자,13:49:04,197
안자이 라라 데뷔라... ,슴불,13:49:00,372
토끼 ,Dr.stien,13:48:57,79
특이점이 온 삼국지 ,buleseye,13:48:49,214
혹서 vs 혹한.jpg [22],트라부세,13:48:07,"1,179"
민식이사건은 운전자도 진짜 억울하고 짜증나겠네요 [14],너나잘하렴,13:47:57,"1,081"
전 10대때 ㅅㅅ 를 못해본게 그렇게 한이됩니다.. [4],jeremis,13:47:55,"1,052"
5g폰 사면 4g요금제못써요?? [2],봉그리,13:47:41,307
중궈 공원에서 탁구치는 사람들 [3],쯔와찌,13:47:28,507
4~50 으로 갈 만한 여행지 [1],은드래곤,13:47:24,199
민식이법 뭐 3년이상 이거 반대합니다 [1],니붸아,13:47:24,386
[트와이스]비빔빱과  치즈김밥.gif [8],GKangel,13:47:21,634
레이커스 연승 언제 끊길거 같나요? [6],호랑이조제,13:47:18,345
슈가맨 보고 싶은 가수 있나요? [10],삼성김헌곤,13:47:06,383
불펜 우담글 볼때마다 느끼는건데 무슨 말을 해도 자기 할말만 하고 가는 사람 진짜 많네요 [8],물고기버거,13:45:38,285
슈가맨에 두리안 나올만하겠죠? [1],또치창,13:45:37,181
와 저도 민식이법 해당 사고 과속인줄 알았음 [9],그패봐봐,13:45:24,"1,775"
신민아  인스타jpg [1],매과이어,13:45:20,"2,050"
집안에 쪽지 수백장을 숨겨둔 아이.JPG [12],DoubleA,13:44:57,"3,245"
[kbl] 김승현 발언 이보다 최악일수가 있나요? [11],휴가좀,13:44:49,750
Npb에서 이승엽이 받던 연봉이 아직도 최고연봉이네요 [4],지우개,13:44:31,423
리온(안자이 라라)신작 웹하드에 떴네요 [2],잇츠타임,13:44:19,"1,837"
10대 커플들도 섹스하나요? [4],행복한순간,13:44:07,"1,289"
"인덕션 사려고 하는데 추천부탁드립니다(SK, 쿠첸등) [1]",구리9,13:43:52,143
10대 커플들도 섹스하나요? [6],행복한순간,13:43:42,"1,499"
평소 선택적 분노 운운하는 사람들의 정말로 웃긴점 [6],Paladin,13:43:40,286
김승현도 부산아시안게임 결승 한경기 갑인가요? [11],7.윤대협,13:43:23,377
NBA 케빈 가넷은 인생에서 에프워드를 얼마나 말했을까요 [1],always,13:42:58,326
토요일은 푹자고싶은데 [2],동팔이,13:42:56,311
민식이법 충격이긴 하네요.. [64],두산최원준,13:42:49,"5,241"
몽골제국 상대로 가장 처절하게 버틴 나라.jpg [9],정연악개,13:42:44,"2,049"
전 듀스는 김성재 사후에 알았네요 ,녹차마루,13:42:37,132
"(NBA)하워드 , 릅이 시즌 후반에 퍼지지만 않으면 [5]",렘쿨하스,13:42:31,554
운전하는 입장에서 민식이 그 가해자 안타깝네요 ,니붸아,13:42:17,397
지금 알게된 사실인데요.. [2],난정대만,13:42:08,356
랄 건강한 커즌스만 있으면 클퍼보다 우위인 거 같은데 [3],월터.W,13:41:22,315
레인보우 재경 상의실종후 멜빵복장jpg [9],Zanetti10,13:41:20,"2,685"
하치무라 포텐이 축구로 따지면 어느정돈가요?? [2],무척엘지,13:41:04,252
팬서비스도 운동선수한테만 엄중한 잣대 들이대는건 맞죠 ,문별,13:40:56,108
실제 사연을 바탕으로 그렸다는 간호사 똥군기 만화.jpg [3],Europa,13:40:53,569
9급 공무원 실수령액.jpg [16],붕어빵맨,13:40:48,"2,086"
그래도 요즘 이승엽은 전보다 덜 까이는것 같은데요 [5],7.윤대협,13:40:46,193
팬서비스하면 하타노 유이입니다.jpg [1],새폴더,13:40:44,536
[NBA] 돈치치 MVP ㄷㄷㄷㄷ [5],J.Cueto.,13:40:38,"1,036"
요즘은 영어 학습 야나두가 압도적 원탑 인가요 ???ㄷㄷ ,띵곡,13:40:31,84
슈가맨에 이 그룹은 약한가요?? [5],최-.-원준,13:39:56,641
솔직히 중국은 순조롭게 강해질 확률이 가장 높죠? ,도시갤러리,13:39:56,106
병원 이거 저만 그런가요?? [2],칙촉오리지널,13:39:52,220
보일러 교체 비용? [4],KobetheMan,13:39:46,226
영국남자 처럼 저도 못사는나라가서... [6],jeremis,13:39:42,686
신안 염전 노예 구출기의 결말... [3],DoubleA,13:39:22,"1,175"
태사자 이동윤이 인기 제일 없었다고하던데 [4],심장이뛴다,13:39:05,"1,034"
세계 유일 '0명대 출산율' 참사···시작은 80년대 초음파 검진 [16],ㅂㅎㄱㅎ,13:38:47,"1,504"
삼위일체설 트리니티에 대해 착각하는 개신교들 많네요 [6],라만,13:38:43,229
치타하면 이거죠 [1],볼빨린삼촌,13:38:31,133
브레드 응모하러 갔다가 득템 .jpg [7],아이유,13:38:14,"1,185"
주류회사들도 m&a 거치면서 많이들 합쳐졌네요. [2],아부심벨,13:38:14,268
유튜브 보다보면 나오는 광고 중에 때 살살녹는 욕실 세정제 [2],Nihil_29,13:37:32,210
슈가맨시즌3 자자 비비 언타이틀 얀은 꼭 나왔으면 좋겠는데 [1],케빵쌈무,13:37:31,273
메시 올해 이 상도 받겠죠?.jpg [3],Loveholic,13:37:22,506
부자들도 햄버거같은음식먹을까요?? [9],oso1541,13:37:17,416
시체팔이라고 모욕한 인간이 글쓰고 거기에 동조댓글 다는 놈들 보니 하나같이 익숙한 놈들 [4],모구리,13:37:02,285
악플러에게 일침 가하는 태연.jpg [8],서구이글스,13:36:40,"2,018"
겨울왕국 후기 스포유 ,10년후미래,13:36:36,192
돈치치 트리플더블 못할것같음 ;;; [2],해요해요,13:36:30,379
지금 불펜 바이러스 걸렸나요 뭔 팝업창이.... [4],바람속을,13:36:28,524
nba 현재 레이커스에 전성기 커리만 들어가면 거의 쇼타임 레이커스급 전력이네요 [5],ynkooad,13:36:20,585
장범준 나중에는 엄청난 레전드 대접 받을까요? [3],귀찮다,13:36:11,378
과연 이렇게 먹어도 60kg를 못넘길까요? [10],Arodriguez,13:36:07,758
출산율은 줄어드는데 평균수명은 어떤가여?? [3],KIAV10!!,13:36:04,105
미국에서 엠엘비 인기가 우리나라로 치면 크블이죠? [11],7.윤대협,13:35:52,360
이거 새로운 보이스피싱 방법인가요?? [1],BUTTER,13:35:24,188
자꾸 의사의 장점에 돈 외의 다른걸 붙히지 마세요. [4],센티멘탈ss,13:35:24,456
직장 투머치토커 두 종류 ,지금또지금,13:34:14,254
[프로토]오늘 전자랜드 VS 엘지 경기는 언더로 접근해 봅니다. [4],로맥아더,13:34:03,560
NBA 역사상 최고승률이 얼마죠?? [7],오구,13:33:56,821
민식이 그 사고 차주 어떻게 됐나요? [2],니붸아,13:33:28,"1,216"
[nba] 쇼타임레이커스 ㅋㅋㅋㅋ [3],FLaMme,13:33:23,919
발롱도르  레반도스키가 받아야 하는거 아녀요?? [7],무척엘지,13:33:09,455
이런집에서 살수 있다? 없다? [1],조나팰컨,13:33:02,306
미국 편의점에서 피해야 되는 위험한 장미꽃 ,DoubleA,13:32:47,452
어느분이 월급이 더 들어와서 톡을 남겼다는데...JPG [4],메보조유리,13:32:42,"2,030"
이제 와서 서남수 장관 컵라면 쉴드치는 벌레들 웃기네요 [3],dknsurj,13:32:38,323
하자있는 인간들 생각보다 재밌네요 ,놀러왔어용,13:32:33,134
[NBA] 더마 드로잔 시즌 1호 3점.gif [7],박명은,13:32:20,"1,063"
nba/하치무라 거의 피ko장인 약두급 떡블락ㅋㅋ ,연아love,13:32:05,243
[nba] 퀸쿡 요즘 로테이션 거의 배제된 상태였는데 [3],92년염종석,13:31:55,457
양준일 처음 나왔을때  저는 노래좋았는데ㅋ [4],또치창,13:31:38,390
신발 하나 질렀네요.jpg [10],LILLARD,13:31:33,"2,347"
(NBA)오늘 랄이면 우승할거같은데요 ,렘쿨하스,13:31:29,194
[NBA] 프로토)아호 막폴인데 피닉스 진짜 못하네요 [3],健勝,13:31:28,324
[NBA]하치무라 AD한테 제대로 참교육당하네요 ㅋㅋ [2],인생의법칙,13:31:12,801
[NBA] 갈매기 떡블락 ㄷㄷ ,황예지,13:31:09,125
[NBA] 레이커스 진짜 엄청 쌔네요ㅋㅋㅋㅋ ,음악아이유,13:31:09,263
[NBA] 퀸쿡은 조만간 로테이션에서 제외될 삘... [1],Potemkin,13:31:03,382
NBA 레이커스의 12월 일정.txt [4],always,13:30:50,515
언타이틀 자자 얀 이3팀이 가장 궁금하네요.. [3],IZ1KJKH,13:30:37,302
대청소 하니간 속 시원하네요 [9],Rammstein,13:30:32,"2,170"
이수는 TV에 나올 가능성이 전혀 없나요? [3],아싼다싼다,13:30:10,357
[nba] 킹매기 디포이는 뭐 [8],FLaMme,13:30:09,653
모집병 입영연기 충치치료로 가능한가요?? ,지존법사,13:30:07,42
장동윤이랑 윤시윤이랑 비슷하지 않나요? ,4EVER,13:29:42,91
꼬리 흔드는 아기수달.gif [3],DoubleA,13:29:24,"1,854"
"nba) 아이재아 토마스, 아톰은 요즘 어떤가요?? ",wispring,13:28:46,138
우측 담장에 야웨 = 알라가 같은 신 개념인가 뭐가 충격인지 모르겠네요 [7],호구수색대,13:28:31,311
[트와이스] 개인적으로 홀린멤버 [17],알천랑,13:28:28,715
김기현 청와대 하명 수사 이거 사실이면 탄핵가야됨 [5],귀쇼다져쓰,13:28:29,636
민식이 사고 영상 [29],뀌따루이아,13:28:20,"2,997"
엠팍 왜이러나요? [2],아후리,13:28:12,580
피닉스는 왜 저리 못하나요? [2],휘발유,13:27:59,185
[여자친구] 11월의 마지막 신비.gif [3],유주갤럭시,13:27:39,355
로또 수동으로 사는데 로또용지 뭉터기로 가져와도 상관없나요? [5],정우영　,13:27:32,398
[NBA] 레이커스 뭔가 자꾸 이상한 슛을; ,icarus13,13:27:18,171
프로토) 막장 샌안이  클리퍼스 어떻게 이겼나요? [2],강뱩호,13:27:19,451
이성을 만나려면 어떤 방법을...ㅠㅠ [6],똥자루,13:27:06,477
NC 팬서비스 논란.gif [7],DoubleA,13:27:04,"2,693"
[nba] 돈치치 숙제완료와 커하가 눈앞 [1],Amarillo,13:27:01,376
NBA 조코피가 flea는 모르나보네요.. ,눈을불알여,13:26:40,113
의대인기있는 이유가몰까요 [18],대깨문조국,13:26:17,721
오늘의 벤치프레스 1rm [7],성공성공,13:25:50,420
(nba) ad mvp각 아닌가요? [8],스텝한커리,13:25:47,572
정형돈 하면 딱 먼저  떠오르는것은? [7],추사모,13:25:35,445
컴퓨터 관련 유튜버 [10],칙촉오리지널,13:25:18,796
블루핸즈 as 받고 왔는데 찬절하고 좋네요. [2],범두,13:24:55,223
슈가맨 여태껏 다알았는데 양준일은 [10],써클체인지,13:24:47,"1,007"
[NBA] 보헤미안 랩소디 커플 스테이플스 센터 왔군요 ,Potemkin,13:24:44,255
러블리즈 예인 인스타그램 [2],짓뚜피아,13:24:42,381
한국 운전매너는 최악이라고 생각해요 [36],참이슬좋아,13:24:42,"1,084"
[nba] 연예인들 la많이 사는군요 [1],전창진,13:24:37,450
형님들 이 유튜버 성공합니까? [2],danza,13:24:35,493
nba 시즌전이 너무 대박이여서 그런가 개막하니 [5],사자호랑이,13:23:55,418
"케냐 엄마들, 신생아에게 모유 대신 콜라 먹이는 이유 [1]",아침방송,13:23:50,924
NBA) 부커 너무 못하네 ,바우와우,13:23:43,99
근데 레알마드리드는 끝물 직전인 선수들을 왜 영입하나요? [1],제대로알자,13:23:34,157
민식이법으로 1조 예산 써서 사고 막을수 있을까요? [7],장연,13:23:26,424
한국여자들은 군인들에 대해 어떻게 생각할까요 [9],Namyang,13:23:20,282
배성재 디스하는 박지성.jpg [4],이나영인자기,13:22:51,"2,307"
역도 무게 2배로 드는법.gif [2],DoubleA,13:22:50,907
"이리시, 정주시, 마산시 라고 들어보신 분?? [8]",SWU2,13:22:48,424
NBA 2인자 베스트 5 [1],dominique,13:22:43,330
MLB 2020년대를 대표할 투타재능? [2],돈치치,13:22:39,141
우리집 할뭉이 근황.jpg [4],┭┮_┭┮ㆀ,13:22:34,"1,118"
한국당의 필리버스터를 보고 감명받은 교수님.jpg [4],사쿠라,13:22:22,"1,187"
[nba] 오늘 레이커스전 무슨 서커스하네요 ㅋㅋㅋ [2],92년염종석,13:22:05,565
여초직장 다니시는 분들 팁좀 [8],너도밤나무,13:21:58,640
NFL 미국 인기는 진짜 엄청나네요... [11],잉잉잉,13:21:48,689
[NBA] 레이커스 대 워싱턴 화끈하네요 [3],시실리아,13:21:16,500
이거 애니영화? 제목좀 알려주실 분 계신가요?? [4],바르,13:20:45,169
송골매 베스트 음반?.jpg [2],allrlltll,13:20:39,426
근데 정지선안지키는 이유는 뭘까요? [4],아이언대형,13:20:16,317
워싱턴 농구 꿀잼이네요 [3],월터.W,13:19:57,313
배우 이요원 과탑 가능할까요? [6],나는야도루,13:19:49,675
[에이핑크] 정은지 5장 [8],서울맨민뱅,13:19:34,188
유재하 vs 장범준 [10],powerjs,13:19:18,426
주말 간단식사...jpg [1],바닐라모네,13:19:06,"1,159"
Xbox는 할인을 엄청해도 잘 안팔리네요. [2],사과순수,13:18:46,627
슈가맨) 최연제는 안 늙었네요 [1],50HarpeR,13:18:43,593
유부님들 결혼할때 와이프 어떤 조건이 가장 중요합니까? [21],ehsqjsek,13:18:31,"1,066"
[NBA]라존론도 3점 75퍼센트 ㄷㄷㄷ [1],삼성최강25,13:18:28,286
론도가 전성기에 저리 던졌으면 올느바도 했을텐데 ,월터.W,13:18:24,75
한국 발라드계의 영원한 레전드.JPG [2],엠팍불펜,13:17:35,"1,698"
[프로토] 적중만 올리기5 [1],쌤쏘나이트,13:17:10,328
중국에서 한국화장품 베끼는거 심각하네요  jpg [11],하늘내린눈,13:17:05,"1,809"
한때 아재들이 환장하고 봤던 애니메이션 ,두산V7,13:17:05,242
혹시 드래곤볼 동인지 잘 아시는분 계신가요? 책으로 정식출판까지 됬던 동인지인데 못찾겠네요 [5],신용운,13:17:01,212
페미는 남자가 하는 모든 행동이 맘에 안드나봄 [1],지우개,13:16:19,259
[NBA] LAL은 베테랑들이 다 잘해주네요 [6],후랭코프,13:15:52,576
"북한 '아베, 방사포와 미사일 구분 못하는 저능아' 비난 [8]",우주는ΛCDM,13:15:36,712
"발롱도르 사실상 종결... 메시, 가족과 시상식 참석.jpg [6]",Loveholic,13:15:23,"1,238"
나름 유튜버 트랜드를 분석해보니 딱 3가지네요 .. 결론은 이쪽도 끝판대장은 외모지상주의임 ㅋ [4],윤성빈대박,13:15:23,489
[nba] 레이커스 벤치는   if라는  if 다 터진듯 ㅋㅋㅋ [4],92년염종석,13:15:20,711
국제결혼도 여성부에서 막으려고하고있죠 [1],Abenatsumi,13:15:17,517
"[NHL] NYR vs BOS, BOS의 오늘 OT 결승 득점 장면 [1]",난내가좋아,13:15:01,71
오늘 유산슬 예고.jpg [5],이나영인자기,13:14:53,"2,234"
현직 아점.jpg [13],훈남김차장,13:14:45,"1,670"
"샷건으로 자살한 남자의 최후.JPG(극.혐,모자이크) [7]",Arodriguez,13:14:26,"4,050"
소개팅에 이러고 나오면 난리남ㄷㄷㄷ [5],알천랑,13:14:24,"1,906"
(NBA)존스탁턴 어시스트 스틸기록깨려면?? [5],슈렌s,13:14:21,342
천리마마트 다음주에 은혜갚은 미주 에피소드도 나오네요 ,pantera46,13:14:18,207
음주운전 적발 도합 6회 농구계 올타임 레전드급 선수들.jpg [4],[IU]이지은,13:13:49,901
[nba] 킹 제임스 저 독일선수에게 레슨을 하려는것 같군요 [1],전창진,13:13:34,336
랜드로바 평생 공짜 VS 랜드로버 5년에 한대 공짜.TXT ,SWU2,13:13:25,165
클릭 안할수가 없는 유튜브 썸네일.jpg [5],DoubleA,13:13:20,"1,844"
[NBA] 빡브롱 ㄷㄷ [2],A.Ethier,13:13:16,460
인도에서 이슬람이 안 쪼개졌으면 [4],트라부세,13:13:06,491
박찬호 같은사람 실제로 주변에 있으면 힘들죠? [6],스텝한커리,13:12:57,296
특이점이 온 유망주.jpg [4],치즈는두장,13:12:44,"1,352"
클퍼나 랄같은 팀들은 하위권 팀이랑 할때 그냥 승줘도 되겠네요 [3],크보화이팅,13:12:34,208
방송 중 본심 나온 아나운서.GIF [6],고민사랑,13:12:16,"2,969"
영웅본색 주제가는 노래만으로도 명곡인가요? [3],최욱,13:11:58,188
전성기 한정.. 한국인 메시 vs 한국인 조던 [5],울산라이온,13:11:49,215
"일본계 미국인 해리스 대사 ""文대통령 종북좌파 둘러 싸여있다"" [9]",서구이글스,13:11:07,899
민식이법 예산 추정 1조 [20],타자봉중근,13:11:03,"1,540"
개나 고양이키우는분들 궁금한점 [5],바투심슨,13:10:38,240
[노스포] 아이리시맨 봤습니다. ,으악,13:10:26,248
자율주행이 대중화되면 차에서 뭘할까? [5],누할군,13:10:15,383
[NBA] 워싱턴 노수비 메타 ㄷㄷ [2],icarus13,13:10:01,336
불법 주정차 차파라치 제도 시행하면 100퍼 잡히겠죠? [4],크보화이팅,13:09:53,281
개신교 중에서 술이나 담배를 금기시하는 데는 이제 우리나라 밖에 없을 겁니다. [8],호구수색대,13:09:38,232
기독교 삼위일체설은 아무리 들어도 뭔소린지 모르겠는데 정리좀 해주실분? [28],106m,13:09:28,422
심카드 교체 엘지 전자에서  해주나여? [3],골든510,13:08:37,155
자동차 속도별 제동거리.jpg [12],뭘봐2c,13:08:33,"2,719"
그냥 누구누구 법 붙이는 것 자체가 별로같아요 [1],벤자가르,13:08:25,150
nba)랄 간만에 강팀느낌나네요 ,투승타타,13:08:14,164
[nba] 론도 이번시즌 3점 40%넘네요 ㅋㅋㅋ [9],92년염종석,13:08:13,580
[NBA] 론도는 요새 3점 슈터네요 ,xhanza678,13:08:04,89
팝업 뜨는거땜에 간만에 애드가드 깔았네요;; [2],서건창문을,13:07:37,192
NBA 레이커스 오랜만에 대승하겠네요 [1],잉왕,13:07:37,187
나루토가 졸렬잎마을부수기하는 동인지같은거 있나요?? ,정구리,13:07:29,64
한국인 돈치치 vs 한국인 메시 [11],킹사로,13:07:25,371
살육에 미친 잔인한 괴물.gif [2],DoubleA,13:07:22,"2,868"
팬서비스를 거부하는 팬들.gif [2],밝은내일,13:07:14,"1,775"
조선족 불체자 폭행 합법 어떤가요? [7],롯데만1,13:07:04,415
[nba] 대학 다니는 그 벽은 언제 와요? [3],한방이여,13:06:47,418
워크맨에 나온 주유소 마진.JPG [9],브레멘,13:06:31,"7,401"
(대형마트) 하나로 된 층 vs 여러개로 나뉘어 진 층 ,나광남,13:06:07,98
nba)워싱턴 수비는 왜저런가요?ㅋㅋ [4],뽁뽁이,13:06:02,364
대한민국의 인터넷 역사의 큰 변화점을 가져오게 된 순간.jpg [9],치즈는두장,13:05:54,693
운전기사들이 운전해주는 차만 타시는 윗분들이 뭘 알겠습니까? [1],내인생디쁠,13:05:45,220
[트와이스] 모모의 귀여운 댄스.gif [6],미나리육회,13:05:40,922
한국인들은 일본인을 앞설수가 없어요... [14],케이리그,13:05:37,892
U2 팬클럽 CD 드디어 도착 ,Nadal,13:05:15,138
자율주행 전기차 활성화되면 주차문제도 많이 해결되지 않을까요? [4],레디셋고,13:04:36,241
[NBA]킹스의 버디 힐드 시즌끝나고 FA로 풀리는데 인기 많을까요? [6],Favre,13:04:28,435
네이버지도로 5년전 노량진 거리뷰보는데 [1],슬러거포,13:04:26,528
김승현 발언은...사회 생활을 안해본거 때문이라고 봅니다. [10],좋은걸어째,13:04:15,"1,220"
"우리나라도 차고지증명제,불법주차 벌금 20만원씩 때려야죠 [5]",최강탑데,13:04:06,262
아침에 눈 떴더니 아내가 이 포즈로 쳐다보면.JPG [5],SWU2,13:04:03,"1,959"
[NBA] 29-4런이라니 [1],뚱땡곰,13:04:01,442
[nba] 레이커스 29-4 런 ,FLaMme,13:03:43,219
차선합류 해야하는데 [2],승리의집관,13:03:26,230
그렉 - Love poem(아이유). youtub [1],아이다,13:03:18,208
근데 천안이 왜 호두과자가 유명한지 신기하지않나요? [11],쌀로메,13:03:19,670
신승훈 vs 이승철 vs 김건모 [9],Loveholic,13:03:03,201
올해 식스맨상 루윌 vs 하워드 각이네요 [4],어린아재,13:03:01,188
기독교가 참 이해가 안되는게... [11],모스볼,13:02:29,500
기네스가 영국 회사 꺼였군요. [2],아부심벨,13:02:27,487
닭내장탕 맛있나요? [2],pm6:00,13:02:12,243
빨리 내년 3월이 왔으면 좋겠습니다. feat. 맞춤형복지 ,똥자루,13:02:00,156
WWE) 케인 최근 근황 [4],고담흑기사,13:01:42,639
[nba] 워싱턴 갈매기한테 정신을 못차리네요 [4],초선,13:01:29,441
겨울왕국2  1보고 가야되나요? [4],G2G2,13:01:24,300
[nba] 포르징기스 돈받는거 보면 다른선수들 어이없을듯 [3],킹사로,13:01:17,434
만화방의 추억.jpg [1],뜨거운피자,13:00:50,"2,112"
[NBA]존월 NBA 슈퍼스타가 대학가면 생기는 일 유투브 찍어도될듯 [3],snakeboss,13:00:39,391
[nba] 레이커스 24-4 런 [3],FLaMme,13:00:22,413
할배할매들 노는 사람들 불러서 불법주정차 단속 시키면 안되나요 [7],타레놀,13:00:15,455
장동건은 재수 왜 했을까요?ㅋㅋ [9],막군00,12:59:57,976
[NBA] 하치무라 일본에서 인기 별론가요? [5],야구가조아,12:59:57,537
MBC 허준 드라마 왜 크게 망했나요? [11],사과순수,12:59:39,"1,174"
겨울왕국은 제작자들도 진짜 좋아하는 영화죠 ㅋㅋㅋ [1],크보화이팅,12:59:28,684
랄 11점차로 지다가 7점차까지 벌렸네요 ㅋㅋㅋ [2],블랙팬서,12:59:27,242
nba) 레이커스 급발진 [1],드림텔러,12:59:25,250
한국에서 운전하지않고 일본에서 운전하니 너무 편합니다 [7],CORRE,12:59:22,519
[NBA]레이커스 진짜 그냥 강합니다 -.- [2],삼성최강25,12:59:11,601
[NBA] 1쿼터 AD의 하치무라 샷 블락후 트랜지션 득점 장면 ,난내가좋아,12:59:06,201
나경원 욕먹어서 그런지 페북에 선거법얘기는 하지도 않네요 [4],No-one,12:58:36,591
저번주 런닝맨 재밌네요 [5],라이자,12:57:56,520
[NBA] 참고로 현재 랄 유니폼은 샤크가 디자인에 참여한 유니폼입니다 [1],Potemkin,12:57:58,363
요새 고등학생들도 승용차로 등교시키는 집들 많더라구요. [13],3M야옹이,12:57:56,868
클리퍼스 보면 드는생각이... 팀수비가 빡빡한게없긴함.... ,해요해요,12:57:28,156
아무리 교통법규 지키고 다녀도 애 툭튀어나오면 노답임 절대 못피함 [21],타레놀,12:57:20,883
사람들이 자동차를 제동한다는것에 대해 개념자체가 없어요 [18],뭘봐2c,12:57:14,550
Nba 포포비치도 오늘 경기 이긴뒤 고민이 많겠네요 ㅋ [2],Toneport,12:57:08,440
겨울왕국2 다른건 모르겠고 show yourself에서.. [2],조율러,12:56:39,395
스쿨존을 경유해서 자주 다니면 사람이 엄청 민감해지죠 ,민이RF,12:56:25,199
면허 따고 1년동안 운전 한번도 안해봤으면 운전 엄청 어려울까요 [4],WIZONE,12:56:26,291
겨울왕국2 어디까지 갈까요?.jpg [11],참새소년,12:56:05,"1,145"
얼굴이 잘생기면 이런 단점이 있디고...JPG [6],메보조유리,12:56:03,"2,525"
[nba] 하치무라 루이 일본출생에 고등학교까지 일본에서 다녔네요 ㄷㄷㄷ [10],amarte,12:56:00,662
알라딘 중고책구매를 했는데 의외네요 [2],MATSUZAKA,12:55:43,467
풀핏 베일 VS 풀핏 로벤 누가 더 후덜덜? [6],캐떠리,12:55:28,147
천안 사람들만 끓여먹는다는 라면...jpg [8],porcelain,12:55:25,"3,106"
어린이보호구역 속도는 자전거도 포함인가요? [1],bass.,12:55:22,89
겨울왕국700만돌파 jpg [3],맹물,12:55:22,729
예전에 무신론자 커뮤니티에서 어떤 기독교인이 와서 어그로를 끌었거든요..ㅋㅋ [4],무위도식,12:55:06,209
김밥 권순찬 기다려줄만큼 기다려준것같은데 .... ,해요해요,12:54:59,108
스테이플센터 예매 [1],한화이글ss,12:54:58,152
겨울왕국2 천만은 확정이죠? [1],99victory,12:54:55,358
[nba] 문무겸비 간지 ㅋㅋㅋㅋㅋ [5],전창진,12:54:52,530
현실판 드루이드.jpg [3],아크,12:54:09,"1,268"
"[KBL]김승현 해설, 팬서비스 발언은 [5]",Karikatur,12:53:56,667
의외로 노동시간 긴 나라가 러시아 같음.. ,축구,12:53:40,158
NBA) KCP는 지금 보면 [4],Bautibomb,12:53:37,414
민식이법.. 저희집 앞이 상시불법주차로 시야확보 잘 안되는데 어린이집 있는 골목입니다ㅜㅜ [22],신용운,12:53:34,"1,632"
아주아주 옛날 테레비 탈렌트들 일람 [5],콜로롹끼스,12:53:29,349
마눌님 허락하에 공식적인 1박2일 수컷들 모임가는중입니다. [4],웁쓰,12:53:27,569
겨울왕국1 상영관이 없다는게 좀 놀랍(?)네요 [2],대팔불패,12:53:13,428
[nba] 레이커스에 비해 클리퍼스가 전력이 더 강합니다 [3],날아오르다,12:53:14,535
[NBA]그새 핸디캡 다 따라잡음.... [1],삼성최강25,12:53:12,232
[nba] 돈치치 올시즌 시그니처는 골밑 드라이브인이네요 [1],Amarillo,12:53:09,246
혼나지 않고 MSG 넣는법 알려주는 백종원.jpg [2],DoubleA,12:53:04,"1,422"
[nba] 순식간에 1점차 [2],FLaMme,12:53:03,319
1점차ㅋㅋ ,호랑이조제,12:53:01,72
이 참에 교통 관련해서 한번 사회적 토론을 해야죠 [1],시라리,12:52:51,137
웃으면서 사과하기 vs 진지하게 사과하기 [6],이거레알,12:52:35,252
어머니하고 조커 봤는데 반응이.. [7],Solidarite,12:51:51,844
[NBA] 댈러스에 어떤분은 ,야구가조아,12:51:35,164
황제라면 사건은 그래도 이해하시는 분들이 많은듯 [3],Roje,12:51:19,370
Nba  오늘자 클퍼 스탯 JPG [7],파타고,12:51:17,884
농구 선수들이 목표로 잡는 선수 베스트는 무조건 듀란트죠?? [3],크보화이팅,12:51:15,228
[프로토] 디트는 믈브나 느바나 노답이네요 [4],Hiten,12:50:53,280
학교 앞은 아예 찻길을 없애버리죠. 제2의 민식이는 절대 발생 안 하겠네요. [23],헬맛,12:50:51,779
신호없는 횡단보도에서 자동차 속도 진짜 안줄임 [12],보싱와,12:50:29,615
민식이법은 상당히 위헌성이 있어 보이네요. [17],함곡관,12:50:16,"2,036"
Mlb에선 경기에서 지면 하이파이브 안해주나요 [1],8103ika,12:50:07,99
요즘 사람들이랑 대화나눌때 자꾸 입이 꼬여서 이상하게 말해서 스트레스입니다 ㅠㅠㅠ [4],너만키크냐,12:50:04,170
프로토 어제오늘 너무 털리네요 .... [1],해요해요,12:49:55,294
홧김에 국적 커밍아웃.jpg [6],우승sk,12:49:54,"4,234"
이번 패악은 100% 자한당의 잘못입니다 [1],mordaunt,12:49:29,299
우리나라 불법 주정차 심하긴 하죠 주차장 부족도 솔직히 변명같음 ,뒹굴뒹굴,12:49:25,240
[NBA] 하치무라는 영어하는게 진짜 신기한 수준 [5],Potemkin,12:49:19,572
"태사자, ""그룹명은 소속사 사장님이 삼국지 보고 지었다"" [4]",이나영인자기,12:49:13,"1,569"
겨울왕국1편보고 실망한사람이면 2편안봐도되겠죠? [4],B-29,12:49:08,212
[NBA]요새 드로잔 포포감독한테 많이 안혼나나요? [3],snakeboss,12:48:58,314
Nba. 샌안 우승! 샌안 우승! [4],Toneport,12:48:53,341
출산율은 해결도 힘든데 해결할 의지도 없는거같네요 ,TMTer,12:48:34,65
어린이집 성폭행사건 충격 반전 이네요? [7],두산이루다,12:48:34,"2,677"
[NBA] 레이커스 올 시즌 기괴한 기록 [1],icarus13,12:48:20,372
우리나라도 NBA선수 좀 나오면 [7],월터.W,12:48:11,233
스피또 전문가님들 질문 ,조상우,12:48:09,79
시야확보 안되는곳에선 23킬로도 빠른겁니다 [11],조금만더,12:48:05,631
현재 국내 솔로가수 콘서트 티켓파워 순위 [33],엠팍불펜,12:47:45,974
[영화가 좋다] 도도한 영화 박소현 아나운서.GIF ,고민사랑,12:47:23,726
스쿨존 불법주정차는 알면서도 안잡는거죠 [2],쌀로메,12:47:18,496
la 또 그러네.. ,5억만들기,12:47:17,165
[트와이스]드뎌 굿즈 배송출발 했네요ㅎㅎㅎ [6],두부다현,12:47:03,155
[NBA]닥공팀 만나니 확실히 랄 고전하네요 [3],홈스틸,12:46:56,349
[NBA] 하치무라 일본인이죠? [9],健勝,12:46:24,580
NBA)  샌안 107  클퍼 97 ,우희힝,12:46:26,193
23키로 차가 급브레이크 밟으면 바로 안멈춰요? [18],zcbvx,12:46:22,658
어제웃긴 교통사고봤는데 누가더 이상한가요? [13],스텝한커리,12:46:20,748
하치무라 ㄷㄷㄷ ,한방이여,12:46:02,234
NBA)레이커스 워싱턴 네이버에서 보는거 맞죠? [5],갓본꼴!!,12:45:49,217
[NBA] 포르징기스는 어떤 부상을 당했는지 생각하면 올시즌 기대 이상 아닌가요?? [2],Potemkin,12:45:41,245
방금 아이폰 수리 센터 다녀왔는데... 하.. ㅠㅠ [12],김여정.,12:45:38,"1,144"
